#
# There is insufficient memory for the Java Runtime Environment to continue.
# Native memory allocation (malloc) failed to allocate 1887440 bytes. Error detail: Chunk::new
# Possible reasons:
#   The system is out of physical RAM or swap space
#   This process is running with CompressedOops enabled, and the Java Heap may be blocking the growth of the native heap
# Possible solutions:
#   Reduce memory load on the system
#   Increase physical memory or swap space
#   Check if swap backing store is full
#   Decrease Java heap size (-Xmx/-Xms)
#   Decrease number of Java threads
#   Decrease Java thread stack sizes (-Xss)
#   Set larger code cache with -XX:ReservedCodeCacheSize=
#   JVM is running with Unscaled Compressed Oops mode in which the Java heap is
#     placed in the first 4GB address space. The Java Heap base address is the
#     maximum limit for the native heap growth. Please use -XX:HeapBaseMinAddress
#     to set the Java Heap base and to place the Java Heap above 4GB virtual address.
# This output file may be truncated or incomplete.
#
#  Out of Memory Error (arena.cpp:168), pid=20576, tid=920
#
# JRE version: OpenJDK Runtime Environment (21.0.8) (build 21.0.8+-14196175-b1038.72)
# Java VM: OpenJDK 64-Bit Server VM (21.0.8+-14196175-b1038.72, mixed mode, tiered, compressed oops, compressed class ptrs, g1 gc, windows-amd64)
# No core dump will be written. Minidumps are not enabled by default on client versions of Windows
#

---------------  S U M M A R Y ------------

Command Line: --add-opens=java.base/java.lang=ALL-UNNAMED --add-opens=java.base/java.lang.invoke=ALL-UNNAMED --add-opens=java.base/java.util=ALL-UNNAMED --add-opens=java.prefs/java.util.prefs=ALL-UNNAMED --add-exports=jdk.compiler/com.sun.tools.javac.api=ALL-UNNAMED --add-exports=jdk.compiler/com.sun.tools.javac.util=ALL-UNNAMED --add-opens=java.base/java.util=ALL-UNNAMED --add-opens=java.prefs/java.util.prefs=ALL-UNNAMED --add-opens=java.base/java.nio.charset=ALL-UNNAMED --add-opens=java.base/java.net=ALL-UNNAMED --add-opens=java.base/java.util.concurrent.atomic=ALL-UNNAMED --add-opens=java.xml/javax.xml.namespace=ALL-UNNAMED -Xmx2048m -Dfile.encoding=UTF-8 -Duser.country=GB -Duser.language=en -Duser.variant -javaagent:C:\Users\Laila\.gradle\wrapper\dists\gradle-8.13-bin\5xuhj0ry160q40clulazy9h7d\gradle-8.13\lib\agents\gradle-instrumentation-agent-8.13.jar org.gradle.launcher.daemon.bootstrap.GradleDaemon 8.13

Host: 11th Gen Intel(R) Core(TM) i3-1115G4 @ 3.00GHz, 4 cores, 7G,  Windows 11 , 64 bit Build 26100 (10.0.26100.7623)
Time: Sat Feb 14 12:33:50 2026 Syria Standard Time elapsed time: 37.466825 seconds (0d 0h 0m 37s)

---------------  T H R E A D  ---------------

Current thread (0x000002652a7b7de0):  JavaThread "C2 CompilerThread0" daemon [_thread_in_native, id=920, stack(0x0000008c4fc00000,0x0000008c4fd00000) (1024K)]


Current CompileTask:
C2:37466 17130       4       java.lang.invoke.DelegatingMethodHandle::makeReinvokerForm (326 bytes)

Stack: [0x0000008c4fc00000,0x0000008c4fd00000]
Native frames: (J=compiled Java code, j=interpreted, Vv=VM code, C=native code)
V  [jvm.dll+0x6d68d9]
V  [jvm.dll+0x866693]
V  [jvm.dll+0x868c4e]
V  [jvm.dll+0x869333]
V  [jvm.dll+0x280566]
V  [jvm.dll+0xc07cd]
V  [jvm.dll+0xc0d03]
V  [jvm.dll+0x3b961b]
V  [jvm.dll+0x385507]
V  [jvm.dll+0x38497a]
V  [jvm.dll+0x249252]
V  [jvm.dll+0x248821]
V  [jvm.dll+0x1c73a4]
V  [jvm.dll+0x257f9e]
V  [jvm.dll+0x2564e6]
V  [jvm.dll+0x3f4696]
V  [jvm.dll+0x80eac8]
V  [jvm.dll+0x6d512d]
C  [ucrtbase.dll+0x37b0]
C  [KERNEL32.DLL+0x2e8d7]
C  [ntdll.dll+0x8c53c]


---------------  P R O C E S S  ---------------

Threads class SMR info:
_java_thread_list=0x000002653d71c740, length=56, elements={
0x00000265137abfa0, 0x000002652a7a5ee0, 0x000002652a7ccdc0, 0x000002652a7ce810,
0x000002652a7cee80, 0x000002652a7cf8e0, 0x000002652a7d0340, 0x000002652a7b6040,
0x000002652a7b7de0, 0x000002652a7d4fa0, 0x000002652aa38160, 0x00000265307fa990,
0x0000026530a01580, 0x00000265309e0860, 0x0000026530ace610, 0x0000026530acec80,
0x000002653087cc30, 0x0000026530864a60, 0x00000265308643d0, 0x00000265308650f0,
0x0000026530865780, 0x0000026530862300, 0x0000026530862990, 0x0000026530863020,
0x0000026530863d40, 0x00000265316c2f00, 0x00000265316c21e0, 0x00000265316c3c20,
0x00000265316c2870, 0x00000265316c14c0, 0x00000265316c07a0, 0x00000265316c1b50,
0x00000265316c3590, 0x000002653245aab0, 0x0000026532459d90, 0x0000026532458350,
0x000002653245b7d0, 0x00000265324589e0, 0x000002653245a420, 0x0000026531b072b0,
0x0000026531b08660, 0x0000026531b07fd0, 0x0000026531b05f00, 0x0000026531b09a10,
0x0000026531b07940, 0x0000026531b08cf0, 0x00000265321c7790, 0x00000265321ca580,
0x00000265321c7e20, 0x00000265321cac10, 0x00000265321c84b0, 0x00000265321c91d0,
0x0000026532b45080, 0x00000265341a6a50, 0x00000265341a7770, 0x000002653ef9fed0
}

Java Threads: ( => current thread )
  0x00000265137abfa0 JavaThread "main"                              [_thread_blocked, id=23872, stack(0x0000008c4ec00000,0x0000008c4ed00000) (1024K)]
  0x000002652a7a5ee0 JavaThread "Common-Cleaner"             daemon [_thread_blocked, id=15828, stack(0x0000008c4f500000,0x0000008c4f600000) (1024K)]
  0x000002652a7ccdc0 JavaThread "Reference Handler"          daemon [_thread_blocked, id=17224, stack(0x0000008c4f600000,0x0000008c4f700000) (1024K)]
  0x000002652a7ce810 JavaThread "Finalizer"                  daemon [_thread_blocked, id=24948, stack(0x0000008c4f700000,0x0000008c4f800000) (1024K)]
  0x000002652a7cee80 JavaThread "Signal Dispatcher"          daemon [_thread_blocked, id=26328, stack(0x0000008c4f800000,0x0000008c4f900000) (1024K)]
  0x000002652a7cf8e0 JavaThread "Attach Listener"            daemon [_thread_blocked, id=19632, stack(0x0000008c4f900000,0x0000008c4fa00000) (1024K)]
  0x000002652a7d0340 JavaThread "Service Thread"             daemon [_thread_blocked, id=1216, stack(0x0000008c4fa00000,0x0000008c4fb00000) (1024K)]
  0x000002652a7b6040 JavaThread "Monitor Deflation Thread"   daemon [_thread_blocked, id=10332, stack(0x0000008c4fb00000,0x0000008c4fc00000) (1024K)]
=>0x000002652a7b7de0 JavaThread "C2 CompilerThread0"         daemon [_thread_in_native, id=920, stack(0x0000008c4fc00000,0x0000008c4fd00000) (1024K)]
  0x000002652a7d4fa0 JavaThread "C1 CompilerThread0"         daemon [_thread_blocked, id=26036, stack(0x0000008c4fd00000,0x0000008c4fe00000) (1024K)]
  0x000002652aa38160 JavaThread "Notification Thread"        daemon [_thread_blocked, id=16084, stack(0x0000008c4fe00000,0x0000008c4ff00000) (1024K)]
  0x00000265307fa990 JavaThread "Daemon health stats"               [_thread_blocked, id=15716, stack(0x0000008c50300000,0x0000008c50400000) (1024K)]
  0x0000026530a01580 JavaThread "Incoming local TCP Connector on port 63396"        [_thread_in_native, id=10700, stack(0x0000008c50400000,0x0000008c50500000) (1024K)]
  0x00000265309e0860 JavaThread "Daemon periodic checks"            [_thread_blocked, id=22916, stack(0x0000008c50500000,0x0000008c50600000) (1024K)]
  0x0000026530ace610 JavaThread "Daemon"                            [_thread_blocked, id=10916, stack(0x0000008c50600000,0x0000008c50700000) (1024K)]
  0x0000026530acec80 JavaThread "Handler for socket connection from /127.0.0.1:63396 to /127.0.0.1:63397"        [_thread_in_native, id=21144, stack(0x0000008c50700000,0x0000008c50800000) (1024K)]
  0x000002653087cc30 JavaThread "Cancel handler"                    [_thread_blocked, id=15256, stack(0x0000008c50800000,0x0000008c50900000) (1024K)]
  0x0000026530864a60 JavaThread "Daemon worker"                     [_thread_in_native, id=10192, stack(0x0000008c50900000,0x0000008c50a00000) (1024K)]
  0x00000265308643d0 JavaThread "Asynchronous log dispatcher for DefaultDaemonConnection: socket connection from /127.0.0.1:63396 to /127.0.0.1:63397"        [_thread_blocked, id=26828, stack(0x0000008c50a00000,0x0000008c50b00000) (1024K)]
  0x00000265308650f0 JavaThread "Stdin handler"                     [_thread_blocked, id=22132, stack(0x0000008c50b00000,0x0000008c50c00000) (1024K)]
  0x0000026530865780 JavaThread "Daemon client event forwarder"        [_thread_blocked, id=22548, stack(0x0000008c50c00000,0x0000008c50d00000) (1024K)]
  0x0000026530862300 JavaThread "Cache worker for journal cache (C:\Users\Laila\.gradle\caches\journal-1)"        [_thread_blocked, id=16144, stack(0x0000008c50d00000,0x0000008c50e00000) (1024K)]
  0x0000026530862990 JavaThread "File lock request listener"        [_thread_in_native, id=9500, stack(0x0000008c50e00000,0x0000008c50f00000) (1024K)]
  0x0000026530863020 JavaThread "Cache worker for file hash cache (C:\Users\Laila\.gradle\caches\8.13\fileHashes)"        [_thread_blocked, id=12580, stack(0x0000008c50f00000,0x0000008c51000000) (1024K)]
  0x0000026530863d40 JavaThread "Cache worker for file hash cache (C:\Users\Laila\AndroidStudioProjects\Car-Dealership-Mobile-App\.gradle\8.13\fileHashes)"        [_thread_blocked, id=25924, stack(0x0000008c51000000,0x0000008c51100000) (1024K)]
  0x00000265316c2f00 JavaThread "Cache worker for Build Output Cleanup Cache (C:\Users\Laila\AndroidStudioProjects\Car-Dealership-Mobile-App\.gradle\buildOutputCleanup)"        [_thread_blocked, id=10152, stack(0x0000008c51100000,0x0000008c51200000) (1024K)]
  0x00000265316c21e0 JavaThread "File watcher server"        daemon [_thread_in_native, id=24724, stack(0x0000008c51200000,0x0000008c51300000) (1024K)]
  0x00000265316c3c20 JavaThread "File watcher consumer"      daemon [_thread_blocked, id=21080, stack(0x0000008c51300000,0x0000008c51400000) (1024K)]
  0x00000265316c2870 JavaThread "jar transforms"                    [_thread_blocked, id=14656, stack(0x0000008c51400000,0x0000008c51500000) (1024K)]
  0x00000265316c14c0 JavaThread "jar transforms Thread 2"           [_thread_blocked, id=18524, stack(0x0000008c51500000,0x0000008c51600000) (1024K)]
  0x00000265316c07a0 JavaThread "jar transforms Thread 3"           [_thread_blocked, id=23960, stack(0x0000008c51600000,0x0000008c51700000) (1024K)]
  0x00000265316c1b50 JavaThread "jar transforms Thread 4"           [_thread_blocked, id=13152, stack(0x0000008c51700000,0x0000008c51800000) (1024K)]
  0x00000265316c3590 JavaThread "Cache worker for checksums cache (C:\Users\Laila\AndroidStudioProjects\Car-Dealership-Mobile-App\.gradle\8.13\checksums)"        [_thread_blocked, id=15188, stack(0x0000008c51800000,0x0000008c51900000) (1024K)]
  0x000002653245aab0 JavaThread "Cache worker for file content cache (C:\Users\Laila\.gradle\caches\8.13\fileContent)"        [_thread_blocked, id=28552, stack(0x0000008c51900000,0x0000008c51a00000) (1024K)]
  0x0000026532459d90 JavaThread "Cache worker for cache directory md-supplier (C:\Users\Laila\.gradle\caches\8.13\md-supplier)"        [_thread_blocked, id=5940, stack(0x0000008c51a00000,0x0000008c51b00000) (1024K)]
  0x0000026532458350 JavaThread "Cache worker for cache directory md-rule (C:\Users\Laila\.gradle\caches\8.13\md-rule)"        [_thread_blocked, id=23596, stack(0x0000008c51b00000,0x0000008c51c00000) (1024K)]
  0x000002653245b7d0 JavaThread "Unconstrained build operations"        [_thread_blocked, id=8392, stack(0x0000008c50100000,0x0000008c50200000) (1024K)]
  0x00000265324589e0 JavaThread "Unconstrained build operations Thread 2"        [_thread_blocked, id=12816, stack(0x0000008c51c00000,0x0000008c51d00000) (1024K)]
  0x000002653245a420 JavaThread "Unconstrained build operations Thread 3"        [_thread_blocked, id=9944, stack(0x0000008c51d00000,0x0000008c51e00000) (1024K)]
  0x0000026531b072b0 JavaThread "Unconstrained build operations Thread 4"        [_thread_blocked, id=14424, stack(0x0000008c51e00000,0x0000008c51f00000) (1024K)]
  0x0000026531b08660 JavaThread "Unconstrained build operations Thread 5"        [_thread_blocked, id=27016, stack(0x0000008c52000000,0x0000008c52100000) (1024K)]
  0x0000026531b07fd0 JavaThread "Unconstrained build operations Thread 6"        [_thread_blocked, id=21460, stack(0x0000008c52100000,0x0000008c52200000) (1024K)]
  0x0000026531b05f00 JavaThread "Unconstrained build operations Thread 7"        [_thread_blocked, id=27980, stack(0x0000008c52200000,0x0000008c52300000) (1024K)]
  0x0000026531b09a10 JavaThread "Unconstrained build operations Thread 8"        [_thread_blocked, id=19756, stack(0x0000008c52300000,0x0000008c52400000) (1024K)]
  0x0000026531b07940 JavaThread "Unconstrained build operations Thread 9"        [_thread_blocked, id=14676, stack(0x0000008c52400000,0x0000008c52500000) (1024K)]
  0x0000026531b08cf0 JavaThread "Unconstrained build operations Thread 10"        [_thread_blocked, id=14804, stack(0x0000008c52500000,0x0000008c52600000) (1024K)]
  0x00000265321c7790 JavaThread "Unconstrained build operations Thread 11"        [_thread_blocked, id=4476, stack(0x0000008c51f00000,0x0000008c52000000) (1024K)]
  0x00000265321ca580 JavaThread "Unconstrained build operations Thread 12"        [_thread_blocked, id=19936, stack(0x0000008c52600000,0x0000008c52700000) (1024K)]
  0x00000265321c7e20 JavaThread "Unconstrained build operations Thread 13"        [_thread_blocked, id=7464, stack(0x0000008c52700000,0x0000008c52800000) (1024K)]
  0x00000265321cac10 JavaThread "Unconstrained build operations Thread 14"        [_thread_blocked, id=24828, stack(0x0000008c52800000,0x0000008c52900000) (1024K)]
  0x00000265321c84b0 JavaThread "Unconstrained build operations Thread 15"        [_thread_blocked, id=8472, stack(0x0000008c52900000,0x0000008c52a00000) (1024K)]
  0x00000265321c91d0 JavaThread "Unconstrained build operations Thread 16"        [_thread_blocked, id=6432, stack(0x0000008c52a00000,0x0000008c52b00000) (1024K)]
  0x0000026532b45080 JavaThread "Unconstrained build operations Thread 17"        [_thread_blocked, id=6552, stack(0x0000008c52b00000,0x0000008c52c00000) (1024K)]
  0x00000265341a6a50 JavaThread "Unconstrained build operations Thread 18"        [_thread_blocked, id=13176, stack(0x0000008c52c00000,0x0000008c52d00000) (1024K)]
  0x00000265341a7770 JavaThread "Unconstrained build operations Thread 19"        [_thread_blocked, id=1856, stack(0x0000008c52d00000,0x0000008c52e00000) (1024K)]
  0x000002653ef9fed0 JavaThread "Memory manager"                    [_thread_blocked, id=23664, stack(0x0000008c52e00000,0x0000008c52f00000) (1024K)]
Total: 56

Other Threads:
  0x000002652a5e8070 VMThread "VM Thread"                           [id=27072, stack(0x0000008c4f400000,0x0000008c4f500000) (1024K)]
  0x000002652a58c460 WatcherThread "VM Periodic Task Thread"        [id=16296, stack(0x0000008c4f300000,0x0000008c4f400000) (1024K)]
  0x0000026513803a70 WorkerThread "GC Thread#0"                     [id=17612, stack(0x0000008c4ee00000,0x0000008c4ef00000) (1024K)]
  0x000002652aa37880 WorkerThread "GC Thread#1"                     [id=15416, stack(0x0000008c4ff00000,0x0000008c50000000) (1024K)]
  0x000002652ab59380 WorkerThread "GC Thread#2"                     [id=28920, stack(0x0000008c50000000,0x0000008c50100000) (1024K)]
  0x00000265300d5bd0 WorkerThread "GC Thread#3"                     [id=23908, stack(0x0000008c50200000,0x0000008c50300000) (1024K)]
  0x0000026513814960 ConcurrentGCThread "G1 Main Marker"            [id=26664, stack(0x0000008c4ef00000,0x0000008c4f000000) (1024K)]
  0x00000265138161b0 WorkerThread "G1 Conc#0"                       [id=4588, stack(0x0000008c4f000000,0x0000008c4f100000) (1024K)]
  0x000002651386e550 ConcurrentGCThread "G1 Refine#0"               [id=29416, stack(0x0000008c4f100000,0x0000008c4f200000) (1024K)]
  0x000002652a460130 ConcurrentGCThread "G1 Service"                [id=11472, stack(0x0000008c4f200000,0x0000008c4f300000) (1024K)]
Total: 10

Threads with active compile tasks:
C2 CompilerThread0  37508 17130       4       java.lang.invoke.DelegatingMethodHandle::makeReinvokerForm (326 bytes)
Total: 1

VM state: not at safepoint (normal execution)

VM Mutex/Monitor currently owned by a thread: None

Heap address: 0x0000000080000000, size: 2048 MB, Compressed Oops mode: 32-bit

CDS archive(s) not mapped
Compressed class space mapped at: 0x0000000100000000-0x0000000140000000, reserved size: 1073741824
Narrow klass base: 0x0000000000000000, Narrow klass shift: 3, Narrow klass range: 0x140000000

GC Precious Log:
 CardTable entry size: 512
 Card Set container configuration: InlinePtr #cards 5 size 8 Array Of Cards #cards 12 size 40 Howl #buckets 4 coarsen threshold 1843 Howl Bitmap #cards 512 size 80 coarsen threshold 460 Card regions per heap region 1 cards per card region 2048
 CPUs: 4 total, 4 available
 Memory: 7975M
 Large Page Support: Disabled
 NUMA Support: Disabled
 Compressed Oops: Enabled (32-bit)
 Heap Region Size: 1M
 Heap Min Capacity: 8M
 Heap Initial Capacity: 126M
 Heap Max Capacity: 2G
 Pre-touch: Disabled
 Parallel Workers: 4
 Concurrent Workers: 1
 Concurrent Refinement Workers: 4
 Periodic GC: Disabled

Heap:
 garbage-first heap   total 322560K, used 228352K [0x0000000080000000, 0x0000000100000000)
  region size 1024K, 37 young (37888K), 2 survivors (2048K)
 Metaspace       used 158297K, committed 160768K, reserved 1245184K
  class space    used 20691K, committed 21888K, reserved 1048576K

Heap Regions: E=young(eden), S=young(survivor), O=old, HS=humongous(starts), HC=humongous(continues), CS=collection set, F=free, TAMS=top-at-mark-start, PB=parsable bottom
|   0|0x0000000080000000, 0x0000000080100000, 0x0000000080100000|100%|HS|  |TAMS 0x0000000080000000| PB 0x0000000080000000| Complete 
|   1|0x0000000080100000, 0x0000000080200000, 0x0000000080200000|100%|HC|  |TAMS 0x0000000080100000| PB 0x0000000080100000| Complete 
|   2|0x0000000080200000, 0x0000000080300000, 0x0000000080300000|100%|HC|  |TAMS 0x0000000080200000| PB 0x0000000080200000| Complete 
|   3|0x0000000080300000, 0x0000000080400000, 0x0000000080400000|100%| O|  |TAMS 0x0000000080300000| PB 0x0000000080300000| Untracked 
|   4|0x0000000080400000, 0x0000000080500000, 0x0000000080500000|100%| O|  |TAMS 0x0000000080400000| PB 0x0000000080400000| Untracked 
|   5|0x0000000080500000, 0x0000000080600000, 0x0000000080600000|100%| O|  |TAMS 0x0000000080500000| PB 0x0000000080500000| Untracked 
|   6|0x0000000080600000, 0x0000000080700000, 0x0000000080700000|100%|HS|  |TAMS 0x0000000080600000| PB 0x0000000080600000| Complete 
|   7|0x0000000080700000, 0x0000000080800000, 0x0000000080800000|100%| O|  |TAMS 0x0000000080700000| PB 0x0000000080700000| Untracked 
|   8|0x0000000080800000, 0x0000000080900000, 0x0000000080900000|100%| O|  |TAMS 0x0000000080800000| PB 0x0000000080800000| Untracked 
|   9|0x0000000080900000, 0x0000000080a00000, 0x0000000080a00000|100%| O|  |TAMS 0x0000000080900000| PB 0x0000000080900000| Untracked 
|  10|0x0000000080a00000, 0x0000000080b00000, 0x0000000080b00000|100%| O|  |TAMS 0x0000000080a00000| PB 0x0000000080a00000| Untracked 
|  11|0x0000000080b00000, 0x0000000080c00000, 0x0000000080c00000|100%| O|  |TAMS 0x0000000080b00000| PB 0x0000000080b00000| Untracked 
|  12|0x0000000080c00000, 0x0000000080d00000, 0x0000000080d00000|100%| O|  |TAMS 0x0000000080c00000| PB 0x0000000080c00000| Untracked 
|  13|0x0000000080d00000, 0x0000000080e00000, 0x0000000080e00000|100%| O|  |TAMS 0x0000000080d00000| PB 0x0000000080d00000| Untracked 
|  14|0x0000000080e00000, 0x0000000080f00000, 0x0000000080f00000|100%| O|  |TAMS 0x0000000080e00000| PB 0x0000000080e00000| Untracked 
|  15|0x0000000080f00000, 0x0000000081000000, 0x0000000081000000|100%| O|  |TAMS 0x0000000080f00000| PB 0x0000000080f00000| Untracked 
|  16|0x0000000081000000, 0x0000000081100000, 0x0000000081100000|100%| O|  |TAMS 0x0000000081000000| PB 0x0000000081000000| Untracked 
|  17|0x0000000081100000, 0x0000000081200000, 0x0000000081200000|100%| O|  |TAMS 0x0000000081100000| PB 0x0000000081100000| Untracked 
|  18|0x0000000081200000, 0x0000000081300000, 0x0000000081300000|100%| O|  |TAMS 0x0000000081200000| PB 0x0000000081200000| Untracked 
|  19|0x0000000081300000, 0x0000000081400000, 0x0000000081400000|100%| O|  |TAMS 0x0000000081300000| PB 0x0000000081300000| Untracked 
|  20|0x0000000081400000, 0x0000000081500000, 0x0000000081500000|100%| O|  |TAMS 0x0000000081400000| PB 0x0000000081400000| Untracked 
|  21|0x0000000081500000, 0x0000000081600000, 0x0000000081600000|100%| O|  |TAMS 0x0000000081500000| PB 0x0000000081500000| Untracked 
|  22|0x0000000081600000, 0x0000000081700000, 0x0000000081700000|100%| O|  |TAMS 0x0000000081600000| PB 0x0000000081600000| Untracked 
|  23|0x0000000081700000, 0x0000000081800000, 0x0000000081800000|100%| O|  |TAMS 0x0000000081700000| PB 0x0000000081700000| Untracked 
|  24|0x0000000081800000, 0x0000000081900000, 0x0000000081900000|100%|HS|  |TAMS 0x0000000081800000| PB 0x0000000081800000| Complete 
|  25|0x0000000081900000, 0x0000000081a00000, 0x0000000081a00000|100%|HC|  |TAMS 0x0000000081900000| PB 0x0000000081900000| Complete 
|  26|0x0000000081a00000, 0x0000000081b00000, 0x0000000081b00000|100%|HC|  |TAMS 0x0000000081a00000| PB 0x0000000081a00000| Complete 
|  27|0x0000000081b00000, 0x0000000081c00000, 0x0000000081c00000|100%|HC|  |TAMS 0x0000000081b00000| PB 0x0000000081b00000| Complete 
|  28|0x0000000081c00000, 0x0000000081d00000, 0x0000000081d00000|100%|HC|  |TAMS 0x0000000081c00000| PB 0x0000000081c00000| Complete 
|  29|0x0000000081d00000, 0x0000000081e00000, 0x0000000081e00000|100%|HC|  |TAMS 0x0000000081d00000| PB 0x0000000081d00000| Complete 
|  30|0x0000000081e00000, 0x0000000081f00000, 0x0000000081f00000|100%|HS|  |TAMS 0x0000000081e00000| PB 0x0000000081e00000| Complete 
|  31|0x0000000081f00000, 0x0000000082000000, 0x0000000082000000|100%|HS|  |TAMS 0x0000000081f00000| PB 0x0000000081f00000| Complete 
|  32|0x0000000082000000, 0x0000000082100000, 0x0000000082100000|100%|HC|  |TAMS 0x0000000082000000| PB 0x0000000082000000| Complete 
|  33|0x0000000082100000, 0x0000000082200000, 0x0000000082200000|100%|HS|  |TAMS 0x0000000082100000| PB 0x0000000082100000| Complete 
|  34|0x0000000082200000, 0x0000000082300000, 0x0000000082300000|100%|HC|  |TAMS 0x0000000082200000| PB 0x0000000082200000| Complete 
|  35|0x0000000082300000, 0x0000000082400000, 0x0000000082400000|100%|HC|  |TAMS 0x0000000082300000| PB 0x0000000082300000| Complete 
|  36|0x0000000082400000, 0x0000000082500000, 0x0000000082500000|100%|HC|  |TAMS 0x0000000082400000| PB 0x0000000082400000| Complete 
|  37|0x0000000082500000, 0x0000000082600000, 0x0000000082600000|100%|HS|  |TAMS 0x0000000082500000| PB 0x0000000082500000| Complete 
|  38|0x0000000082600000, 0x0000000082700000, 0x0000000082700000|100%|HS|  |TAMS 0x0000000082600000| PB 0x0000000082600000| Complete 
|  39|0x0000000082700000, 0x0000000082800000, 0x0000000082800000|100%|HC|  |TAMS 0x0000000082700000| PB 0x0000000082700000| Complete 
|  40|0x0000000082800000, 0x0000000082900000, 0x0000000082900000|100%|HC|  |TAMS 0x0000000082800000| PB 0x0000000082800000| Complete 
|  41|0x0000000082900000, 0x0000000082a00000, 0x0000000082a00000|100%|HC|  |TAMS 0x0000000082900000| PB 0x0000000082900000| Complete 
|  42|0x0000000082a00000, 0x0000000082b00000, 0x0000000082b00000|100%|HC|  |TAMS 0x0000000082a00000| PB 0x0000000082a00000| Complete 
|  43|0x0000000082b00000, 0x0000000082c00000, 0x0000000082c00000|100%|HC|  |TAMS 0x0000000082b00000| PB 0x0000000082b00000| Complete 
|  44|0x0000000082c00000, 0x0000000082d00000, 0x0000000082d00000|100%|HS|  |TAMS 0x0000000082c00000| PB 0x0000000082c00000| Complete 
|  45|0x0000000082d00000, 0x0000000082e00000, 0x0000000082e00000|100%|HS|  |TAMS 0x0000000082d00000| PB 0x0000000082d00000| Complete 
|  46|0x0000000082e00000, 0x0000000082f00000, 0x0000000082f00000|100%|HC|  |TAMS 0x0000000082e00000| PB 0x0000000082e00000| Complete 
|  47|0x0000000082f00000, 0x0000000083000000, 0x0000000083000000|100%|HS|  |TAMS 0x0000000082f00000| PB 0x0000000082f00000| Complete 
|  48|0x0000000083000000, 0x0000000083100000, 0x0000000083100000|100%|HC|  |TAMS 0x0000000083000000| PB 0x0000000083000000| Complete 
|  49|0x0000000083100000, 0x0000000083200000, 0x0000000083200000|100%|HC|  |TAMS 0x0000000083100000| PB 0x0000000083100000| Complete 
|  50|0x0000000083200000, 0x0000000083300000, 0x0000000083300000|100%|HC|  |TAMS 0x0000000083200000| PB 0x0000000083200000| Complete 
|  51|0x0000000083300000, 0x0000000083400000, 0x0000000083400000|100%|HS|  |TAMS 0x0000000083300000| PB 0x0000000083300000| Complete 
|  52|0x0000000083400000, 0x0000000083500000, 0x0000000083500000|100%| O|  |TAMS 0x0000000083400000| PB 0x0000000083400000| Untracked 
|  53|0x0000000083500000, 0x0000000083600000, 0x0000000083600000|100%| O|  |TAMS 0x0000000083500000| PB 0x0000000083500000| Untracked 
|  54|0x0000000083600000, 0x0000000083700000, 0x0000000083700000|100%| O|  |TAMS 0x0000000083600000| PB 0x0000000083600000| Untracked 
|  55|0x0000000083700000, 0x0000000083800000, 0x0000000083800000|100%| O|  |TAMS 0x0000000083700000| PB 0x0000000083700000| Untracked 
|  56|0x0000000083800000, 0x0000000083900000, 0x0000000083900000|100%| O|  |TAMS 0x0000000083800000| PB 0x0000000083800000| Untracked 
|  57|0x0000000083900000, 0x0000000083a00000, 0x0000000083a00000|100%| O|  |TAMS 0x0000000083900000| PB 0x0000000083900000| Untracked 
|  58|0x0000000083a00000, 0x0000000083b00000, 0x0000000083b00000|100%|HS|  |TAMS 0x0000000083a00000| PB 0x0000000083a00000| Complete 
|  59|0x0000000083b00000, 0x0000000083c00000, 0x0000000083c00000|100%|HC|  |TAMS 0x0000000083b00000| PB 0x0000000083b00000| Complete 
|  60|0x0000000083c00000, 0x0000000083d00000, 0x0000000083d00000|100%| O|  |TAMS 0x0000000083c00000| PB 0x0000000083c00000| Untracked 
|  61|0x0000000083d00000, 0x0000000083e00000, 0x0000000083e00000|100%| O|  |TAMS 0x0000000083d00000| PB 0x0000000083d00000| Untracked 
|  62|0x0000000083e00000, 0x0000000083f00000, 0x0000000083f00000|100%| O|  |TAMS 0x0000000083e00000| PB 0x0000000083e00000| Untracked 
|  63|0x0000000083f00000, 0x0000000084000000, 0x0000000084000000|100%| O|  |TAMS 0x0000000083f00000| PB 0x0000000083f00000| Untracked 
|  64|0x0000000084000000, 0x0000000084100000, 0x0000000084100000|100%| O|  |TAMS 0x0000000084000000| PB 0x0000000084000000| Untracked 
|  65|0x0000000084100000, 0x0000000084200000, 0x0000000084200000|100%| O|  |TAMS 0x0000000084100000| PB 0x0000000084100000| Untracked 
|  66|0x0000000084200000, 0x0000000084300000, 0x0000000084300000|100%| O|  |TAMS 0x0000000084200000| PB 0x0000000084200000| Untracked 
|  67|0x0000000084300000, 0x0000000084400000, 0x0000000084400000|100%| O|  |TAMS 0x0000000084300000| PB 0x0000000084300000| Untracked 
|  68|0x0000000084400000, 0x0000000084500000, 0x0000000084500000|100%|HS|  |TAMS 0x0000000084400000| PB 0x0000000084400000| Complete 
|  69|0x0000000084500000, 0x0000000084600000, 0x0000000084600000|100%|HC|  |TAMS 0x0000000084500000| PB 0x0000000084500000| Complete 
|  70|0x0000000084600000, 0x0000000084700000, 0x0000000084700000|100%|HC|  |TAMS 0x0000000084600000| PB 0x0000000084600000| Complete 
|  71|0x0000000084700000, 0x0000000084800000, 0x0000000084800000|100%|HC|  |TAMS 0x0000000084700000| PB 0x0000000084700000| Complete 
|  72|0x0000000084800000, 0x0000000084900000, 0x0000000084900000|100%|HC|  |TAMS 0x0000000084800000| PB 0x0000000084800000| Complete 
|  73|0x0000000084900000, 0x0000000084a00000, 0x0000000084a00000|100%|HC|  |TAMS 0x0000000084900000| PB 0x0000000084900000| Complete 
|  74|0x0000000084a00000, 0x0000000084b00000, 0x0000000084b00000|100%|HS|  |TAMS 0x0000000084a00000| PB 0x0000000084a00000| Complete 
|  75|0x0000000084b00000, 0x0000000084c00000, 0x0000000084c00000|100%|HS|  |TAMS 0x0000000084b00000| PB 0x0000000084b00000| Complete 
|  76|0x0000000084c00000, 0x0000000084d00000, 0x0000000084d00000|100%|HC|  |TAMS 0x0000000084c00000| PB 0x0000000084c00000| Complete 
|  77|0x0000000084d00000, 0x0000000084e00000, 0x0000000084e00000|100%|HC|  |TAMS 0x0000000084d00000| PB 0x0000000084d00000| Complete 
|  78|0x0000000084e00000, 0x0000000084f00000, 0x0000000084f00000|100%|HC|  |TAMS 0x0000000084e00000| PB 0x0000000084e00000| Complete 
|  79|0x0000000084f00000, 0x0000000085000000, 0x0000000085000000|100%|HC|  |TAMS 0x0000000084f00000| PB 0x0000000084f00000| Complete 
|  80|0x0000000085000000, 0x0000000085100000, 0x0000000085100000|100%|HC|  |TAMS 0x0000000085000000| PB 0x0000000085000000| Complete 
|  81|0x0000000085100000, 0x0000000085200000, 0x0000000085200000|100%|HS|  |TAMS 0x0000000085100000| PB 0x0000000085100000| Complete 
|  82|0x0000000085200000, 0x0000000085300000, 0x0000000085300000|100%| O|  |TAMS 0x0000000085200000| PB 0x0000000085200000| Untracked 
|  83|0x0000000085300000, 0x0000000085400000, 0x0000000085400000|100%| O|  |TAMS 0x0000000085300000| PB 0x0000000085300000| Untracked 
|  84|0x0000000085400000, 0x0000000085500000, 0x0000000085500000|100%| O|  |TAMS 0x0000000085400000| PB 0x0000000085400000| Untracked 
|  85|0x0000000085500000, 0x0000000085600000, 0x0000000085600000|100%| O|  |TAMS 0x0000000085500000| PB 0x0000000085500000| Untracked 
|  86|0x0000000085600000, 0x0000000085700000, 0x0000000085700000|100%| O|Cm|TAMS 0x0000000085600000| PB 0x0000000085600000| Complete 
|  87|0x0000000085700000, 0x0000000085800000, 0x0000000085800000|100%| O|  |TAMS 0x0000000085700000| PB 0x0000000085700000| Untracked 
|  88|0x0000000085800000, 0x0000000085900000, 0x0000000085900000|100%| O|  |TAMS 0x0000000085800000| PB 0x0000000085800000| Untracked 
|  89|0x0000000085900000, 0x0000000085a00000, 0x0000000085a00000|100%|HS|  |TAMS 0x0000000085900000| PB 0x0000000085900000| Complete 
|  90|0x0000000085a00000, 0x0000000085b00000, 0x0000000085b00000|100%|HC|  |TAMS 0x0000000085a00000| PB 0x0000000085a00000| Complete 
|  91|0x0000000085b00000, 0x0000000085c00000, 0x0000000085c00000|100%|HC|  |TAMS 0x0000000085b00000| PB 0x0000000085b00000| Complete 
|  92|0x0000000085c00000, 0x0000000085d00000, 0x0000000085d00000|100%|HC|  |TAMS 0x0000000085c00000| PB 0x0000000085c00000| Complete 
|  93|0x0000000085d00000, 0x0000000085e00000, 0x0000000085e00000|100%|HC|  |TAMS 0x0000000085d00000| PB 0x0000000085d00000| Complete 
|  94|0x0000000085e00000, 0x0000000085f00000, 0x0000000085f00000|100%|HC|  |TAMS 0x0000000085e00000| PB 0x0000000085e00000| Complete 
|  95|0x0000000085f00000, 0x0000000086000000, 0x0000000086000000|100%|HS|  |TAMS 0x0000000085f00000| PB 0x0000000085f00000| Complete 
|  96|0x0000000086000000, 0x0000000086100000, 0x0000000086100000|100%| O|  |TAMS 0x0000000086000000| PB 0x0000000086000000| Untracked 
|  97|0x0000000086100000, 0x0000000086200000, 0x0000000086200000|100%| O|  |TAMS 0x0000000086100000| PB 0x0000000086100000| Untracked 
|  98|0x0000000086200000, 0x0000000086300000, 0x0000000086300000|100%| O|  |TAMS 0x0000000086200000| PB 0x0000000086200000| Untracked 
|  99|0x0000000086300000, 0x0000000086400000, 0x0000000086400000|100%| O|  |TAMS 0x0000000086300000| PB 0x0000000086300000| Untracked 
| 100|0x0000000086400000, 0x0000000086500000, 0x0000000086500000|100%| O|  |TAMS 0x0000000086400000| PB 0x0000000086400000| Untracked 
| 101|0x0000000086500000, 0x0000000086600000, 0x0000000086600000|100%| O|  |TAMS 0x0000000086500000| PB 0x0000000086500000| Untracked 
| 102|0x0000000086600000, 0x0000000086700000, 0x0000000086700000|100%| O|  |TAMS 0x0000000086600000| PB 0x0000000086600000| Untracked 
| 103|0x0000000086700000, 0x0000000086800000, 0x0000000086800000|100%| O|  |TAMS 0x0000000086700000| PB 0x0000000086700000| Untracked 
| 104|0x0000000086800000, 0x0000000086900000, 0x0000000086900000|100%| O|  |TAMS 0x0000000086800000| PB 0x0000000086800000| Untracked 
| 105|0x0000000086900000, 0x0000000086a00000, 0x0000000086a00000|100%| O|  |TAMS 0x0000000086900000| PB 0x0000000086900000| Untracked 
| 106|0x0000000086a00000, 0x0000000086b00000, 0x0000000086b00000|100%| O|  |TAMS 0x0000000086a00000| PB 0x0000000086a00000| Untracked 
| 107|0x0000000086b00000, 0x0000000086c00000, 0x0000000086c00000|100%| O|  |TAMS 0x0000000086b00000| PB 0x0000000086b00000| Untracked 
| 108|0x0000000086c00000, 0x0000000086d00000, 0x0000000086d00000|100%| O|  |TAMS 0x0000000086c00000| PB 0x0000000086c00000| Untracked 
| 109|0x0000000086d00000, 0x0000000086e00000, 0x0000000086e00000|100%| O|Cm|TAMS 0x0000000086d00000| PB 0x0000000086d00000| Complete 
| 110|0x0000000086e00000, 0x0000000086f00000, 0x0000000086f00000|100%| O|  |TAMS 0x0000000086e00000| PB 0x0000000086e00000| Untracked 
| 111|0x0000000086f00000, 0x0000000087000000, 0x0000000087000000|100%| O|  |TAMS 0x0000000086f00000| PB 0x0000000086f00000| Untracked 
| 112|0x0000000087000000, 0x0000000087100000, 0x0000000087100000|100%| O|  |TAMS 0x0000000087000000| PB 0x0000000087000000| Untracked 
| 113|0x0000000087100000, 0x0000000087200000, 0x0000000087200000|100%| O|  |TAMS 0x0000000087100000| PB 0x0000000087100000| Untracked 
| 114|0x0000000087200000, 0x0000000087300000, 0x0000000087300000|100%| O|  |TAMS 0x0000000087200000| PB 0x0000000087200000| Untracked 
| 115|0x0000000087300000, 0x0000000087400000, 0x0000000087400000|100%| O|  |TAMS 0x0000000087300000| PB 0x0000000087300000| Untracked 
| 116|0x0000000087400000, 0x0000000087500000, 0x0000000087500000|100%| O|  |TAMS 0x0000000087400000| PB 0x0000000087400000| Untracked 
| 117|0x0000000087500000, 0x0000000087600000, 0x0000000087600000|100%| O|  |TAMS 0x0000000087500000| PB 0x0000000087500000| Untracked 
| 118|0x0000000087600000, 0x0000000087700000, 0x0000000087700000|100%| O|  |TAMS 0x0000000087600000| PB 0x0000000087600000| Untracked 
| 119|0x0000000087700000, 0x0000000087800000, 0x0000000087800000|100%| O|  |TAMS 0x0000000087700000| PB 0x0000000087700000| Untracked 
| 120|0x0000000087800000, 0x0000000087900000, 0x0000000087900000|100%| O|  |TAMS 0x0000000087800000| PB 0x0000000087800000| Untracked 
| 121|0x0000000087900000, 0x0000000087a00000, 0x0000000087a00000|100%| O|  |TAMS 0x0000000087900000| PB 0x0000000087900000| Untracked 
| 122|0x0000000087a00000, 0x0000000087b00000, 0x0000000087b00000|100%| O|  |TAMS 0x0000000087a00000| PB 0x0000000087a00000| Untracked 
| 123|0x0000000087b00000, 0x0000000087c00000, 0x0000000087c00000|100%| O|  |TAMS 0x0000000087b00000| PB 0x0000000087b00000| Untracked 
| 124|0x0000000087c00000, 0x0000000087d00000, 0x0000000087d00000|100%| O|  |TAMS 0x0000000087c00000| PB 0x0000000087c00000| Untracked 
| 125|0x0000000087d00000, 0x0000000087e00000, 0x0000000087e00000|100%| O|Cm|TAMS 0x0000000087d00000| PB 0x0000000087d00000| Complete 
| 126|0x0000000087e00000, 0x0000000087f00000, 0x0000000087f00000|100%| O|  |TAMS 0x0000000087e00000| PB 0x0000000087e00000| Untracked 
| 127|0x0000000087f00000, 0x0000000088000000, 0x0000000088000000|100%| O|  |TAMS 0x0000000087f00000| PB 0x0000000087f00000| Untracked 
| 128|0x0000000088000000, 0x0000000088100000, 0x0000000088100000|100%| O|  |TAMS 0x0000000088000000| PB 0x0000000088000000| Untracked 
| 129|0x0000000088100000, 0x0000000088200000, 0x0000000088200000|100%| O|  |TAMS 0x0000000088100000| PB 0x0000000088100000| Untracked 
| 130|0x0000000088200000, 0x0000000088300000, 0x0000000088300000|100%| O|  |TAMS 0x0000000088200000| PB 0x0000000088200000| Untracked 
| 131|0x0000000088300000, 0x0000000088400000, 0x0000000088400000|100%| O|  |TAMS 0x0000000088300000| PB 0x0000000088300000| Untracked 
| 132|0x0000000088400000, 0x0000000088500000, 0x0000000088500000|100%| O|  |TAMS 0x0000000088400000| PB 0x0000000088400000| Untracked 
| 133|0x0000000088500000, 0x0000000088600000, 0x0000000088600000|100%| O|  |TAMS 0x0000000088500000| PB 0x0000000088500000| Untracked 
| 134|0x0000000088600000, 0x0000000088700000, 0x0000000088700000|100%| O|  |TAMS 0x0000000088600000| PB 0x0000000088600000| Untracked 
| 135|0x0000000088700000, 0x0000000088800000, 0x0000000088800000|100%| O|  |TAMS 0x0000000088700000| PB 0x0000000088700000| Untracked 
| 136|0x0000000088800000, 0x0000000088900000, 0x0000000088900000|100%| O|  |TAMS 0x0000000088800000| PB 0x0000000088800000| Untracked 
| 137|0x0000000088900000, 0x0000000088a00000, 0x0000000088a00000|100%| O|  |TAMS 0x0000000088900000| PB 0x0000000088900000| Untracked 
| 138|0x0000000088a00000, 0x0000000088b00000, 0x0000000088b00000|100%| O|  |TAMS 0x0000000088a00000| PB 0x0000000088a00000| Untracked 
| 139|0x0000000088b00000, 0x0000000088c00000, 0x0000000088c00000|100%| O|  |TAMS 0x0000000088b00000| PB 0x0000000088b00000| Untracked 
| 140|0x0000000088c00000, 0x0000000088d00000, 0x0000000088d00000|100%| O|Cm|TAMS 0x0000000088c00000| PB 0x0000000088c00000| Complete 
| 141|0x0000000088d00000, 0x0000000088e00000, 0x0000000088e00000|100%| O|  |TAMS 0x0000000088d00000| PB 0x0000000088d00000| Untracked 
| 142|0x0000000088e00000, 0x0000000088f00000, 0x0000000088f00000|100%| O|  |TAMS 0x0000000088e00000| PB 0x0000000088e00000| Untracked 
| 143|0x0000000088f00000, 0x0000000089000000, 0x0000000089000000|100%|HS|  |TAMS 0x0000000088f00000| PB 0x0000000088f00000| Complete 
| 144|0x0000000089000000, 0x0000000089100000, 0x0000000089100000|100%|HS|  |TAMS 0x0000000089000000| PB 0x0000000089000000| Complete 
| 145|0x0000000089100000, 0x0000000089200000, 0x0000000089200000|100%| O|  |TAMS 0x0000000089100000| PB 0x0000000089100000| Untracked 
| 146|0x0000000089200000, 0x0000000089300000, 0x0000000089300000|100%|HS|  |TAMS 0x0000000089200000| PB 0x0000000089200000| Complete 
| 147|0x0000000089300000, 0x0000000089400000, 0x0000000089400000|100%|HS|  |TAMS 0x0000000089300000| PB 0x0000000089300000| Complete 
| 148|0x0000000089400000, 0x0000000089500000, 0x0000000089500000|100%|HS|  |TAMS 0x0000000089400000| PB 0x0000000089400000| Complete 
| 149|0x0000000089500000, 0x0000000089600000, 0x0000000089600000|100%|HS|  |TAMS 0x0000000089500000| PB 0x0000000089500000| Complete 
| 150|0x0000000089600000, 0x0000000089700000, 0x0000000089700000|100%| O|  |TAMS 0x0000000089600000| PB 0x0000000089600000| Untracked 
| 151|0x0000000089700000, 0x0000000089800000, 0x0000000089800000|100%| O|  |TAMS 0x0000000089700000| PB 0x0000000089700000| Untracked 
| 152|0x0000000089800000, 0x0000000089900000, 0x0000000089900000|100%| O|  |TAMS 0x0000000089800000| PB 0x0000000089800000| Untracked 
| 153|0x0000000089900000, 0x0000000089a00000, 0x0000000089a00000|100%| O|  |TAMS 0x0000000089900000| PB 0x0000000089900000| Untracked 
| 154|0x0000000089a00000, 0x0000000089b00000, 0x0000000089b00000|100%| O|  |TAMS 0x0000000089a00000| PB 0x0000000089a00000| Untracked 
| 155|0x0000000089b00000, 0x0000000089c00000, 0x0000000089c00000|100%| O|  |TAMS 0x0000000089b00000| PB 0x0000000089b00000| Untracked 
| 156|0x0000000089c00000, 0x0000000089d00000, 0x0000000089d00000|100%| O|  |TAMS 0x0000000089c00000| PB 0x0000000089c00000| Untracked 
| 157|0x0000000089d00000, 0x0000000089e00000, 0x0000000089e00000|100%| O|  |TAMS 0x0000000089d00000| PB 0x0000000089d00000| Untracked 
| 158|0x0000000089e00000, 0x0000000089f00000, 0x0000000089f00000|100%|HS|  |TAMS 0x0000000089e00000| PB 0x0000000089e00000| Complete 
| 159|0x0000000089f00000, 0x000000008a000000, 0x000000008a000000|100%| O|  |TAMS 0x0000000089f00000| PB 0x0000000089f00000| Untracked 
| 160|0x000000008a000000, 0x000000008a100000, 0x000000008a100000|100%| O|  |TAMS 0x000000008a000000| PB 0x000000008a000000| Untracked 
| 161|0x000000008a100000, 0x000000008a200000, 0x000000008a200000|100%| O|  |TAMS 0x000000008a100000| PB 0x000000008a100000| Untracked 
| 162|0x000000008a200000, 0x000000008a300000, 0x000000008a300000|100%| O|  |TAMS 0x000000008a200000| PB 0x000000008a200000| Untracked 
| 163|0x000000008a300000, 0x000000008a400000, 0x000000008a400000|100%| O|  |TAMS 0x000000008a300000| PB 0x000000008a300000| Untracked 
| 164|0x000000008a400000, 0x000000008a500000, 0x000000008a500000|100%| O|  |TAMS 0x000000008a400000| PB 0x000000008a400000| Untracked 
| 165|0x000000008a500000, 0x000000008a600000, 0x000000008a600000|100%| O|  |TAMS 0x000000008a500000| PB 0x000000008a500000| Untracked 
| 166|0x000000008a600000, 0x000000008a700000, 0x000000008a700000|100%| O|Cm|TAMS 0x000000008a600000| PB 0x000000008a600000| Complete 
| 167|0x000000008a700000, 0x000000008a800000, 0x000000008a800000|100%| O|Cm|TAMS 0x000000008a700000| PB 0x000000008a700000| Complete 
| 168|0x000000008a800000, 0x000000008a900000, 0x000000008a900000|100%| O|Cm|TAMS 0x000000008a800000| PB 0x000000008a800000| Complete 
| 169|0x000000008a900000, 0x000000008a900000, 0x000000008aa00000|  0%| F|  |TAMS 0x000000008a900000| PB 0x000000008a900000| Untracked 
| 170|0x000000008aa00000, 0x000000008ab00000, 0x000000008ab00000|100%| O|Cm|TAMS 0x000000008aa00000| PB 0x000000008aa00000| Complete 
| 171|0x000000008ab00000, 0x000000008ab00000, 0x000000008ac00000|  0%| F|  |TAMS 0x000000008ab00000| PB 0x000000008ab00000| Untracked 
| 172|0x000000008ac00000, 0x000000008ac00000, 0x000000008ad00000|  0%| F|  |TAMS 0x000000008ac00000| PB 0x000000008ac00000| Untracked 
| 173|0x000000008ad00000, 0x000000008ad00000, 0x000000008ae00000|  0%| F|  |TAMS 0x000000008ad00000| PB 0x000000008ad00000| Untracked 
| 174|0x000000008ae00000, 0x000000008ae00000, 0x000000008af00000|  0%| F|  |TAMS 0x000000008ae00000| PB 0x000000008ae00000| Untracked 
| 175|0x000000008af00000, 0x000000008b000000, 0x000000008b000000|100%| O|  |TAMS 0x000000008af00000| PB 0x000000008af00000| Untracked 
| 176|0x000000008b000000, 0x000000008b100000, 0x000000008b100000|100%| O|  |TAMS 0x000000008b000000| PB 0x000000008b000000| Untracked 
| 177|0x000000008b100000, 0x000000008b200000, 0x000000008b200000|100%| O|  |TAMS 0x000000008b100000| PB 0x000000008b100000| Untracked 
| 178|0x000000008b200000, 0x000000008b300000, 0x000000008b300000|100%| O|  |TAMS 0x000000008b200000| PB 0x000000008b200000| Untracked 
| 179|0x000000008b300000, 0x000000008b400000, 0x000000008b400000|100%| O|  |TAMS 0x000000008b300000| PB 0x000000008b300000| Untracked 
| 180|0x000000008b400000, 0x000000008b500000, 0x000000008b500000|100%| O|  |TAMS 0x000000008b400000| PB 0x000000008b400000| Untracked 
| 181|0x000000008b500000, 0x000000008b600000, 0x000000008b600000|100%| O|  |TAMS 0x000000008b500000| PB 0x000000008b500000| Untracked 
| 182|0x000000008b600000, 0x000000008b700000, 0x000000008b700000|100%| O|Cm|TAMS 0x000000008b600000| PB 0x000000008b600000| Complete 
| 183|0x000000008b700000, 0x000000008b800000, 0x000000008b800000|100%| O|Cm|TAMS 0x000000008b700000| PB 0x000000008b700000| Complete 
| 184|0x000000008b800000, 0x000000008b900000, 0x000000008b900000|100%| O|Cm|TAMS 0x000000008b800000| PB 0x000000008b800000| Complete 
| 185|0x000000008b900000, 0x000000008ba00000, 0x000000008ba00000|100%| O|  |TAMS 0x000000008b900000| PB 0x000000008b900000| Untracked 
| 186|0x000000008ba00000, 0x000000008bb00000, 0x000000008bb00000|100%| O|  |TAMS 0x000000008ba00000| PB 0x000000008ba00000| Untracked 
| 187|0x000000008bb00000, 0x000000008bc00000, 0x000000008bc00000|100%| O|  |TAMS 0x000000008bb00000| PB 0x000000008bb00000| Untracked 
| 188|0x000000008bc00000, 0x000000008bd00000, 0x000000008bd00000|100%|HS|  |TAMS 0x000000008bc00000| PB 0x000000008bc00000| Complete 
| 189|0x000000008bd00000, 0x000000008be00000, 0x000000008be00000|100%| O|  |TAMS 0x000000008bd00000| PB 0x000000008bd00000| Untracked 
| 190|0x000000008be00000, 0x000000008bf00000, 0x000000008bf00000|100%| O|  |TAMS 0x000000008be00000| PB 0x000000008be00000| Untracked 
| 191|0x000000008bf00000, 0x000000008bf00000, 0x000000008c000000|  0%| F|  |TAMS 0x000000008bf00000| PB 0x000000008bf00000| Untracked 
| 192|0x000000008c000000, 0x000000008c000000, 0x000000008c100000|  0%| F|  |TAMS 0x000000008c000000| PB 0x000000008c000000| Untracked 
| 193|0x000000008c100000, 0x000000008c100000, 0x000000008c200000|  0%| F|  |TAMS 0x000000008c100000| PB 0x000000008c100000| Untracked 
| 194|0x000000008c200000, 0x000000008c200000, 0x000000008c300000|  0%| F|  |TAMS 0x000000008c200000| PB 0x000000008c200000| Untracked 
| 195|0x000000008c300000, 0x000000008c300000, 0x000000008c400000|  0%| F|  |TAMS 0x000000008c300000| PB 0x000000008c300000| Untracked 
| 196|0x000000008c400000, 0x000000008c400000, 0x000000008c500000|  0%| F|  |TAMS 0x000000008c400000| PB 0x000000008c400000| Untracked 
| 197|0x000000008c500000, 0x000000008c500000, 0x000000008c600000|  0%| F|  |TAMS 0x000000008c500000| PB 0x000000008c500000| Untracked 
| 198|0x000000008c600000, 0x000000008c600000, 0x000000008c700000|  0%| F|  |TAMS 0x000000008c600000| PB 0x000000008c600000| Untracked 
| 199|0x000000008c700000, 0x000000008c700000, 0x000000008c800000|  0%| F|  |TAMS 0x000000008c700000| PB 0x000000008c700000| Untracked 
| 200|0x000000008c800000, 0x000000008c800000, 0x000000008c900000|  0%| F|  |TAMS 0x000000008c800000| PB 0x000000008c800000| Untracked 
| 201|0x000000008c900000, 0x000000008c900000, 0x000000008ca00000|  0%| F|  |TAMS 0x000000008c900000| PB 0x000000008c900000| Untracked 
| 202|0x000000008ca00000, 0x000000008ca00000, 0x000000008cb00000|  0%| F|  |TAMS 0x000000008ca00000| PB 0x000000008ca00000| Untracked 
| 203|0x000000008cb00000, 0x000000008cb00000, 0x000000008cc00000|  0%| F|  |TAMS 0x000000008cb00000| PB 0x000000008cb00000| Untracked 
| 204|0x000000008cc00000, 0x000000008cc00000, 0x000000008cd00000|  0%| F|  |TAMS 0x000000008cc00000| PB 0x000000008cc00000| Untracked 
| 205|0x000000008cd00000, 0x000000008cd00000, 0x000000008ce00000|  0%| F|  |TAMS 0x000000008cd00000| PB 0x000000008cd00000| Untracked 
| 206|0x000000008ce00000, 0x000000008ce00000, 0x000000008cf00000|  0%| F|  |TAMS 0x000000008ce00000| PB 0x000000008ce00000| Untracked 
| 207|0x000000008cf00000, 0x000000008cf00000, 0x000000008d000000|  0%| F|  |TAMS 0x000000008cf00000| PB 0x000000008cf00000| Untracked 
| 208|0x000000008d000000, 0x000000008d000000, 0x000000008d100000|  0%| F|  |TAMS 0x000000008d000000| PB 0x000000008d000000| Untracked 
| 209|0x000000008d100000, 0x000000008d100000, 0x000000008d200000|  0%| F|  |TAMS 0x000000008d100000| PB 0x000000008d100000| Untracked 
| 210|0x000000008d200000, 0x000000008d200000, 0x000000008d300000|  0%| F|  |TAMS 0x000000008d200000| PB 0x000000008d200000| Untracked 
| 211|0x000000008d300000, 0x000000008d300000, 0x000000008d400000|  0%| F|  |TAMS 0x000000008d300000| PB 0x000000008d300000| Untracked 
| 212|0x000000008d400000, 0x000000008d400000, 0x000000008d500000|  0%| F|  |TAMS 0x000000008d400000| PB 0x000000008d400000| Untracked 
| 213|0x000000008d500000, 0x000000008d500000, 0x000000008d600000|  0%| F|  |TAMS 0x000000008d500000| PB 0x000000008d500000| Untracked 
| 214|0x000000008d600000, 0x000000008d600000, 0x000000008d700000|  0%| F|  |TAMS 0x000000008d600000| PB 0x000000008d600000| Untracked 
| 215|0x000000008d700000, 0x000000008d700000, 0x000000008d800000|  0%| F|  |TAMS 0x000000008d700000| PB 0x000000008d700000| Untracked 
| 216|0x000000008d800000, 0x000000008d800000, 0x000000008d900000|  0%| F|  |TAMS 0x000000008d800000| PB 0x000000008d800000| Untracked 
| 217|0x000000008d900000, 0x000000008d900000, 0x000000008da00000|  0%| F|  |TAMS 0x000000008d900000| PB 0x000000008d900000| Untracked 
| 218|0x000000008da00000, 0x000000008da00000, 0x000000008db00000|  0%| F|  |TAMS 0x000000008da00000| PB 0x000000008da00000| Untracked 
| 219|0x000000008db00000, 0x000000008db00000, 0x000000008dc00000|  0%| F|  |TAMS 0x000000008db00000| PB 0x000000008db00000| Untracked 
| 220|0x000000008dc00000, 0x000000008dd00000, 0x000000008dd00000|100%| S|CS|TAMS 0x000000008dc00000| PB 0x000000008dc00000| Complete 
| 221|0x000000008dd00000, 0x000000008de00000, 0x000000008de00000|100%| S|CS|TAMS 0x000000008dd00000| PB 0x000000008dd00000| Complete 
| 222|0x000000008de00000, 0x000000008de00000, 0x000000008df00000|  0%| F|  |TAMS 0x000000008de00000| PB 0x000000008de00000| Untracked 
| 223|0x000000008df00000, 0x000000008df00000, 0x000000008e000000|  0%| F|  |TAMS 0x000000008df00000| PB 0x000000008df00000| Untracked 
| 224|0x000000008e000000, 0x000000008e000000, 0x000000008e100000|  0%| F|  |TAMS 0x000000008e000000| PB 0x000000008e000000| Untracked 
| 225|0x000000008e100000, 0x000000008e100000, 0x000000008e200000|  0%| F|  |TAMS 0x000000008e100000| PB 0x000000008e100000| Untracked 
| 226|0x000000008e200000, 0x000000008e200000, 0x000000008e300000|  0%| F|  |TAMS 0x000000008e200000| PB 0x000000008e200000| Untracked 
| 227|0x000000008e300000, 0x000000008e300000, 0x000000008e400000|  0%| F|  |TAMS 0x000000008e300000| PB 0x000000008e300000| Untracked 
| 228|0x000000008e400000, 0x000000008e400000, 0x000000008e500000|  0%| F|  |TAMS 0x000000008e400000| PB 0x000000008e400000| Untracked 
| 229|0x000000008e500000, 0x000000008e500000, 0x000000008e600000|  0%| F|  |TAMS 0x000000008e500000| PB 0x000000008e500000| Untracked 
| 230|0x000000008e600000, 0x000000008e600000, 0x000000008e700000|  0%| F|  |TAMS 0x000000008e600000| PB 0x000000008e600000| Untracked 
| 231|0x000000008e700000, 0x000000008e700000, 0x000000008e800000|  0%| F|  |TAMS 0x000000008e700000| PB 0x000000008e700000| Untracked 
| 232|0x000000008e800000, 0x000000008e800000, 0x000000008e900000|  0%| F|  |TAMS 0x000000008e800000| PB 0x000000008e800000| Untracked 
| 233|0x000000008e900000, 0x000000008e900000, 0x000000008ea00000|  0%| F|  |TAMS 0x000000008e900000| PB 0x000000008e900000| Untracked 
| 234|0x000000008ea00000, 0x000000008ea00000, 0x000000008eb00000|  0%| F|  |TAMS 0x000000008ea00000| PB 0x000000008ea00000| Untracked 
| 235|0x000000008eb00000, 0x000000008eb00000, 0x000000008ec00000|  0%| F|  |TAMS 0x000000008eb00000| PB 0x000000008eb00000| Untracked 
| 236|0x000000008ec00000, 0x000000008ec00000, 0x000000008ed00000|  0%| F|  |TAMS 0x000000008ec00000| PB 0x000000008ec00000| Untracked 
| 237|0x000000008ed00000, 0x000000008ed00000, 0x000000008ee00000|  0%| F|  |TAMS 0x000000008ed00000| PB 0x000000008ed00000| Untracked 
| 238|0x000000008ee00000, 0x000000008ee00000, 0x000000008ef00000|  0%| F|  |TAMS 0x000000008ee00000| PB 0x000000008ee00000| Untracked 
| 239|0x000000008ef00000, 0x000000008ef00000, 0x000000008f000000|  0%| F|  |TAMS 0x000000008ef00000| PB 0x000000008ef00000| Untracked 
| 240|0x000000008f000000, 0x000000008f000000, 0x000000008f100000|  0%| F|  |TAMS 0x000000008f000000| PB 0x000000008f000000| Untracked 
| 241|0x000000008f100000, 0x000000008f100000, 0x000000008f200000|  0%| F|  |TAMS 0x000000008f100000| PB 0x000000008f100000| Untracked 
| 242|0x000000008f200000, 0x000000008f200000, 0x000000008f300000|  0%| F|  |TAMS 0x000000008f200000| PB 0x000000008f200000| Untracked 
| 243|0x000000008f300000, 0x000000008f300000, 0x000000008f400000|  0%| F|  |TAMS 0x000000008f300000| PB 0x000000008f300000| Untracked 
| 244|0x000000008f400000, 0x000000008f400000, 0x000000008f500000|  0%| F|  |TAMS 0x000000008f400000| PB 0x000000008f400000| Untracked 
| 245|0x000000008f500000, 0x000000008f500000, 0x000000008f600000|  0%| F|  |TAMS 0x000000008f500000| PB 0x000000008f500000| Untracked 
| 246|0x000000008f600000, 0x000000008f600000, 0x000000008f700000|  0%| F|  |TAMS 0x000000008f600000| PB 0x000000008f600000| Untracked 
| 247|0x000000008f700000, 0x000000008f700000, 0x000000008f800000|  0%| F|  |TAMS 0x000000008f700000| PB 0x000000008f700000| Untracked 
| 248|0x000000008f800000, 0x000000008f800000, 0x000000008f900000|  0%| F|  |TAMS 0x000000008f800000| PB 0x000000008f800000| Untracked 
| 249|0x000000008f900000, 0x000000008f900000, 0x000000008fa00000|  0%| F|  |TAMS 0x000000008f900000| PB 0x000000008f900000| Untracked 
| 250|0x000000008fa00000, 0x000000008fa00000, 0x000000008fb00000|  0%| F|  |TAMS 0x000000008fa00000| PB 0x000000008fa00000| Untracked 
| 251|0x000000008fb00000, 0x000000008fb00000, 0x000000008fc00000|  0%| F|  |TAMS 0x000000008fb00000| PB 0x000000008fb00000| Untracked 
| 252|0x000000008fc00000, 0x000000008fc00000, 0x000000008fd00000|  0%| F|  |TAMS 0x000000008fc00000| PB 0x000000008fc00000| Untracked 
| 253|0x000000008fd00000, 0x000000008fd00000, 0x000000008fe00000|  0%| F|  |TAMS 0x000000008fd00000| PB 0x000000008fd00000| Untracked 
| 254|0x000000008fe00000, 0x000000008fe00000, 0x000000008ff00000|  0%| F|  |TAMS 0x000000008fe00000| PB 0x000000008fe00000| Untracked 
| 255|0x000000008ff00000, 0x000000008ff00000, 0x0000000090000000|  0%| F|  |TAMS 0x000000008ff00000| PB 0x000000008ff00000| Untracked 
| 256|0x0000000090000000, 0x0000000090000000, 0x0000000090100000|  0%| F|  |TAMS 0x0000000090000000| PB 0x0000000090000000| Untracked 
| 257|0x0000000090100000, 0x0000000090100000, 0x0000000090200000|  0%| F|  |TAMS 0x0000000090100000| PB 0x0000000090100000| Untracked 
| 258|0x0000000090200000, 0x0000000090200000, 0x0000000090300000|  0%| F|  |TAMS 0x0000000090200000| PB 0x0000000090200000| Untracked 
| 259|0x0000000090300000, 0x0000000090300000, 0x0000000090400000|  0%| F|  |TAMS 0x0000000090300000| PB 0x0000000090300000| Untracked 
| 260|0x0000000090400000, 0x0000000090400000, 0x0000000090500000|  0%| F|  |TAMS 0x0000000090400000| PB 0x0000000090400000| Untracked 
| 261|0x0000000090500000, 0x0000000090500000, 0x0000000090600000|  0%| F|  |TAMS 0x0000000090500000| PB 0x0000000090500000| Untracked 
| 262|0x0000000090600000, 0x0000000090600000, 0x0000000090700000|  0%| F|  |TAMS 0x0000000090600000| PB 0x0000000090600000| Untracked 
| 263|0x0000000090700000, 0x0000000090700000, 0x0000000090800000|  0%| F|  |TAMS 0x0000000090700000| PB 0x0000000090700000| Untracked 
| 264|0x0000000090800000, 0x0000000090800000, 0x0000000090900000|  0%| F|  |TAMS 0x0000000090800000| PB 0x0000000090800000| Untracked 
| 265|0x0000000090900000, 0x0000000090900000, 0x0000000090a00000|  0%| F|  |TAMS 0x0000000090900000| PB 0x0000000090900000| Untracked 
| 266|0x0000000090a00000, 0x0000000090a00000, 0x0000000090b00000|  0%| F|  |TAMS 0x0000000090a00000| PB 0x0000000090a00000| Untracked 
| 267|0x0000000090b00000, 0x0000000090b00000, 0x0000000090c00000|  0%| F|  |TAMS 0x0000000090b00000| PB 0x0000000090b00000| Untracked 
| 268|0x0000000090c00000, 0x0000000090c00000, 0x0000000090d00000|  0%| F|  |TAMS 0x0000000090c00000| PB 0x0000000090c00000| Untracked 
| 269|0x0000000090d00000, 0x0000000090d00000, 0x0000000090e00000|  0%| F|  |TAMS 0x0000000090d00000| PB 0x0000000090d00000| Untracked 
| 270|0x0000000090e00000, 0x0000000090e00000, 0x0000000090f00000|  0%| F|  |TAMS 0x0000000090e00000| PB 0x0000000090e00000| Untracked 
| 271|0x0000000090f00000, 0x0000000090f00000, 0x0000000091000000|  0%| F|  |TAMS 0x0000000090f00000| PB 0x0000000090f00000| Untracked 
| 272|0x0000000091000000, 0x0000000091000000, 0x0000000091100000|  0%| F|  |TAMS 0x0000000091000000| PB 0x0000000091000000| Untracked 
| 273|0x0000000091100000, 0x0000000091100000, 0x0000000091200000|  0%| F|  |TAMS 0x0000000091100000| PB 0x0000000091100000| Untracked 
| 274|0x0000000091200000, 0x0000000091200000, 0x0000000091300000|  0%| F|  |TAMS 0x0000000091200000| PB 0x0000000091200000| Untracked 
| 275|0x0000000091300000, 0x0000000091300000, 0x0000000091400000|  0%| F|  |TAMS 0x0000000091300000| PB 0x0000000091300000| Untracked 
| 276|0x0000000091400000, 0x0000000091400000, 0x0000000091500000|  0%| F|  |TAMS 0x0000000091400000| PB 0x0000000091400000| Untracked 
| 277|0x0000000091500000, 0x0000000091580000, 0x0000000091600000| 50%| E|  |TAMS 0x0000000091500000| PB 0x0000000091500000| Complete 
| 278|0x0000000091600000, 0x0000000091700000, 0x0000000091700000|100%| E|CS|TAMS 0x0000000091600000| PB 0x0000000091600000| Complete 
| 279|0x0000000091700000, 0x0000000091800000, 0x0000000091800000|100%| E|  |TAMS 0x0000000091700000| PB 0x0000000091700000| Complete 
| 280|0x0000000091800000, 0x0000000091900000, 0x0000000091900000|100%| E|CS|TAMS 0x0000000091800000| PB 0x0000000091800000| Complete 
| 281|0x0000000091900000, 0x0000000091a00000, 0x0000000091a00000|100%| E|CS|TAMS 0x0000000091900000| PB 0x0000000091900000| Complete 
| 282|0x0000000091a00000, 0x0000000091b00000, 0x0000000091b00000|100%| E|CS|TAMS 0x0000000091a00000| PB 0x0000000091a00000| Complete 
| 283|0x0000000091b00000, 0x0000000091c00000, 0x0000000091c00000|100%| E|CS|TAMS 0x0000000091b00000| PB 0x0000000091b00000| Complete 
| 284|0x0000000091c00000, 0x0000000091d00000, 0x0000000091d00000|100%| E|CS|TAMS 0x0000000091c00000| PB 0x0000000091c00000| Complete 
| 285|0x0000000091d00000, 0x0000000091e00000, 0x0000000091e00000|100%| E|CS|TAMS 0x0000000091d00000| PB 0x0000000091d00000| Complete 
| 286|0x0000000091e00000, 0x0000000091f00000, 0x0000000091f00000|100%| E|CS|TAMS 0x0000000091e00000| PB 0x0000000091e00000| Complete 
| 287|0x0000000091f00000, 0x0000000092000000, 0x0000000092000000|100%| E|CS|TAMS 0x0000000091f00000| PB 0x0000000091f00000| Complete 
| 288|0x0000000092000000, 0x0000000092100000, 0x0000000092100000|100%| E|CS|TAMS 0x0000000092000000| PB 0x0000000092000000| Complete 
| 289|0x0000000092100000, 0x0000000092200000, 0x0000000092200000|100%| E|CS|TAMS 0x0000000092100000| PB 0x0000000092100000| Complete 
| 290|0x0000000092200000, 0x0000000092300000, 0x0000000092300000|100%| E|CS|TAMS 0x0000000092200000| PB 0x0000000092200000| Complete 
| 291|0x0000000092300000, 0x0000000092400000, 0x0000000092400000|100%| E|CS|TAMS 0x0000000092300000| PB 0x0000000092300000| Complete 
| 292|0x0000000092400000, 0x0000000092500000, 0x0000000092500000|100%| E|CS|TAMS 0x0000000092400000| PB 0x0000000092400000| Complete 
| 293|0x0000000092500000, 0x0000000092600000, 0x0000000092600000|100%| E|CS|TAMS 0x0000000092500000| PB 0x0000000092500000| Complete 
| 294|0x0000000092600000, 0x0000000092700000, 0x0000000092700000|100%| E|CS|TAMS 0x0000000092600000| PB 0x0000000092600000| Complete 
| 295|0x0000000092700000, 0x0000000092800000, 0x0000000092800000|100%| E|CS|TAMS 0x0000000092700000| PB 0x0000000092700000| Complete 
| 296|0x0000000092800000, 0x0000000092900000, 0x0000000092900000|100%| E|CS|TAMS 0x0000000092800000| PB 0x0000000092800000| Complete 
| 297|0x0000000092900000, 0x0000000092a00000, 0x0000000092a00000|100%| E|CS|TAMS 0x0000000092900000| PB 0x0000000092900000| Complete 
| 298|0x0000000092a00000, 0x0000000092b00000, 0x0000000092b00000|100%| E|CS|TAMS 0x0000000092a00000| PB 0x0000000092a00000| Complete 
| 299|0x0000000092b00000, 0x0000000092c00000, 0x0000000092c00000|100%| E|CS|TAMS 0x0000000092b00000| PB 0x0000000092b00000| Complete 
| 300|0x0000000092c00000, 0x0000000092d00000, 0x0000000092d00000|100%| E|CS|TAMS 0x0000000092c00000| PB 0x0000000092c00000| Complete 
| 301|0x0000000092d00000, 0x0000000092e00000, 0x0000000092e00000|100%| E|CS|TAMS 0x0000000092d00000| PB 0x0000000092d00000| Complete 
| 302|0x0000000092e00000, 0x0000000092f00000, 0x0000000092f00000|100%| E|CS|TAMS 0x0000000092e00000| PB 0x0000000092e00000| Complete 
| 303|0x0000000092f00000, 0x0000000093000000, 0x0000000093000000|100%| E|CS|TAMS 0x0000000092f00000| PB 0x0000000092f00000| Complete 
| 304|0x0000000093000000, 0x0000000093100000, 0x0000000093100000|100%| E|CS|TAMS 0x0000000093000000| PB 0x0000000093000000| Complete 
| 305|0x0000000093100000, 0x0000000093200000, 0x0000000093200000|100%| E|CS|TAMS 0x0000000093100000| PB 0x0000000093100000| Complete 
| 306|0x0000000093200000, 0x0000000093300000, 0x0000000093300000|100%| E|CS|TAMS 0x0000000093200000| PB 0x0000000093200000| Complete 
| 307|0x0000000093300000, 0x0000000093400000, 0x0000000093400000|100%| E|CS|TAMS 0x0000000093300000| PB 0x0000000093300000| Complete 
| 308|0x0000000093400000, 0x0000000093500000, 0x0000000093500000|100%| E|CS|TAMS 0x0000000093400000| PB 0x0000000093400000| Complete 
| 309|0x0000000093500000, 0x0000000093600000, 0x0000000093600000|100%| E|CS|TAMS 0x0000000093500000| PB 0x0000000093500000| Complete 
| 310|0x0000000093600000, 0x0000000093700000, 0x0000000093700000|100%| E|CS|TAMS 0x0000000093600000| PB 0x0000000093600000| Complete 
| 311|0x0000000093700000, 0x0000000093800000, 0x0000000093800000|100%| E|CS|TAMS 0x0000000093700000| PB 0x0000000093700000| Complete 
|2045|0x00000000ffd00000, 0x00000000ffe00000, 0x00000000ffe00000|100%| O|  |TAMS 0x00000000ffd00000| PB 0x00000000ffd00000| Untracked 
|2046|0x00000000ffe00000, 0x00000000fff00000, 0x00000000fff00000|100%| E|CS|TAMS 0x00000000ffe00000| PB 0x00000000ffe00000| Complete 
|2047|0x00000000fff00000, 0x0000000100000000, 0x0000000100000000|100%| O|  |TAMS 0x00000000fff00000| PB 0x00000000fff00000| Untracked 

Card table byte_map: [0x0000026525d00000,0x0000026526100000] _byte_map_base: 0x0000026525900000

Marking Bits: (CMBitMap*) 0x0000026513804080
 Bits: [0x0000026526100000, 0x0000026528100000)

Polling page: 0x0000026511610000

Metaspace:

Usage:
  Non-class:    134.41 MB used.
      Class:     20.21 MB used.
       Both:    154.62 MB used.

Virtual space:
  Non-class space:      192.00 MB reserved,     135.62 MB ( 71%) committed,  3 nodes.
      Class space:        1.00 GB reserved,      21.38 MB (  2%) committed,  1 nodes.
             Both:        1.19 GB reserved,     157.00 MB ( 13%) committed. 

Chunk freelists:
   Non-Class:  7.69 MB
       Class:  10.45 MB
        Both:  18.14 MB

MaxMetaspaceSize: unlimited
CompressedClassSpaceSize: 1.00 GB
Initial GC threshold: 21.00 MB
Current GC threshold: 258.75 MB
CDS: off
 - commit_granule_bytes: 65536.
 - commit_granule_words: 8192.
 - virtual_space_node_default_size: 8388608.
 - enlarge_chunks_in_place: 1.
 - use_allocation_guard: 0.


Internal statistics:

num_allocs_failed_limit: 6.
num_arena_births: 4820.
num_arena_deaths: 0.
num_vsnodes_births: 4.
num_vsnodes_deaths: 0.
num_space_committed: 2510.
num_space_uncommitted: 0.
num_chunks_returned_to_freelist: 6.
num_chunks_taken_from_freelist: 11175.
num_chunk_merges: 6.
num_chunk_splits: 7833.
num_chunks_enlarged: 5441.
num_inconsistent_stats: 0.

CodeHeap 'non-profiled nmethods': size=120000Kb used=9184Kb max_used=9371Kb free=110815Kb
 bounds [0x000002651e3d0000, 0x000002651ed00000, 0x0000026525900000]
CodeHeap 'profiled nmethods': size=120000Kb used=31679Kb max_used=32317Kb free=88320Kb
 bounds [0x0000026516900000, 0x0000026518890000, 0x000002651de30000]
CodeHeap 'non-nmethods': size=5760Kb used=3427Kb max_used=3473Kb free=2332Kb
 bounds [0x000002651de30000, 0x000002651e1b0000, 0x000002651e3d0000]
CodeCache: size=245760Kb, used=44290Kb, max_used=45161Kb, free=201467Kb
 total_blobs=15836, nmethods=14673, adapters=1064, full_count=0
Compilation: enabled, stopped_count=0, restarted_count=0

Compilation events (20 events):
Event: 37.247 Thread 0x000002652a7d4fa0 nmethod 17141 0x0000026516bc4110 code [0x0000026516bc4360, 0x0000026516bc4e70]
Event: 37.249 Thread 0x000002652a7d4fa0 17142       3       org.gradle.api.internal.artifacts.configurations.DefaultConfiguration::preventIllegalMutation (168 bytes)
Event: 37.251 Thread 0x000002652a7d4fa0 nmethod 17142 0x0000026516c49390 code [0x0000026516c49900, 0x0000026516c4c678]
Event: 37.251 Thread 0x000002652a7d4fa0 17145       3       org.gradle.api.internal.artifacts.configurations.DefaultConfiguration::notifyChildren (40 bytes)
Event: 37.252 Thread 0x000002652a7d4fa0 nmethod 17145 0x0000026516b1b490 code [0x0000026516b1b6a0, 0x0000026516b1bc50]
Event: 37.252 Thread 0x000002652a7d4fa0 17143       3       org.gradle.api.internal.artifacts.configurations.DefaultConfiguration::maybePreventMutation (110 bytes)
Event: 37.252 Thread 0x000002653eae24c0 nmethod 17139 0x000002651e46db10 code [0x000002651e46dce0, 0x000002651e46e2a8]
Event: 37.252 Thread 0x000002653eae24c0 17135       4       sun.reflect.generics.visitor.Reifier::getResult (26 bytes)
Event: 37.253 Thread 0x000002652a7d4fa0 nmethod 17143 0x00000265170be090 code [0x00000265170be400, 0x00000265170bfa40]
Event: 37.253 Thread 0x000002652a7d4fa0 17147       3       org.gradle.api.attributes.Attribute::of (10 bytes)
Event: 37.253 Thread 0x000002653eae24c0 nmethod 17135 0x000002651e441510 code [0x000002651e4416a0, 0x000002651e441730]
Event: 37.253 Thread 0x000002653eae24c0 17138       4       org.gradle.internal.reflect.MutablePropertyDetails::getGetters (8 bytes)
Event: 37.253 Thread 0x000002652a7d4fa0 nmethod 17147 0x00000265174c3590 code [0x00000265174c3760, 0x00000265174c3b38]
Event: 37.253 Thread 0x000002652a7d4fa0 17146       1       org.gradle.api.internal.project.DefaultProject::getOwner (5 bytes)
Event: 37.253 Thread 0x000002652a7d4fa0 nmethod 17146 0x000002651e841590 code [0x000002651e841720, 0x000002651e8417e8]
Event: 37.253 Thread 0x000002652a7d4fa0 17144       3       java.lang.invoke.LambdaForm$MH/0x0000000100109800::invoke (56 bytes)
Event: 37.253 Thread 0x000002652a7d4fa0 nmethod 17144 0x0000026517355510 code [0x0000026517355720, 0x0000026517355fe8]
Event: 37.255 Thread 0x000002653eae24c0 nmethod 17138 0x000002651eb57810 code [0x000002651eb579c0, 0x000002651eb57c88]
Event: 37.255 Thread 0x000002653eae24c0 17131       4       sun.reflect.generics.scope.AbstractScope::<init> (10 bytes)
Event: 37.256 Thread 0x000002653eae24c0 nmethod 17131 0x000002651e433c10 code [0x000002651e433da0, 0x000002651e433ef8]

GC Heap History (20 events):
Event: 25.791 GC heap before
{Heap before GC invocations=39 (full 0):
 garbage-first heap   total 251904K, used 228178K [0x0000000080000000, 0x0000000100000000)
  region size 1024K, 90 young (92160K), 10 survivors (10240K)
 Metaspace       used 134325K, committed 136512K, reserved 1179648K
  class space    used 17776K, committed 18816K, reserved 1048576K
}
Event: 25.804 GC heap after
{Heap after GC invocations=40 (full 0):
 garbage-first heap   total 251904K, used 143086K [0x0000000080000000, 0x0000000100000000)
  region size 1024K, 4 young (4096K), 4 survivors (4096K)
 Metaspace       used 134325K, committed 136512K, reserved 1179648K
  class space    used 17776K, committed 18816K, reserved 1048576K
}
Event: 27.465 GC heap before
{Heap before GC invocations=41 (full 0):
 garbage-first heap   total 251904K, used 232174K [0x0000000080000000, 0x0000000100000000)
  region size 1024K, 90 young (92160K), 4 survivors (4096K)
 Metaspace       used 136014K, committed 138240K, reserved 1179648K
  class space    used 18010K, committed 19072K, reserved 1048576K
}
Event: 27.478 GC heap after
{Heap after GC invocations=42 (full 0):
 garbage-first heap   total 251904K, used 152038K [0x0000000080000000, 0x0000000100000000)
  region size 1024K, 12 young (12288K), 12 survivors (12288K)
 Metaspace       used 136014K, committed 138240K, reserved 1179648K
  class space    used 18010K, committed 19072K, reserved 1048576K
}
Event: 29.296 GC heap before
{Heap before GC invocations=42 (full 0):
 garbage-first heap   total 251904K, used 224742K [0x0000000080000000, 0x0000000100000000)
  region size 1024K, 84 young (86016K), 12 survivors (12288K)
 Metaspace       used 138576K, committed 140800K, reserved 1179648K
  class space    used 18272K, committed 19328K, reserved 1048576K
}
Event: 29.325 GC heap after
{Heap after GC invocations=43 (full 0):
 garbage-first heap   total 251904K, used 156835K [0x0000000080000000, 0x0000000100000000)
  region size 1024K, 7 young (7168K), 7 survivors (7168K)
 Metaspace       used 138576K, committed 140800K, reserved 1179648K
  class space    used 18272K, committed 19328K, reserved 1048576K
}
Event: 30.191 GC heap before
{Heap before GC invocations=43 (full 0):
 garbage-first heap   total 251904K, used 229539K [0x0000000080000000, 0x0000000100000000)
  region size 1024K, 79 young (80896K), 7 survivors (7168K)
 Metaspace       used 138743K, committed 140992K, reserved 1179648K
  class space    used 18293K, committed 19392K, reserved 1048576K
}
Event: 30.200 GC heap after
{Heap after GC invocations=44 (full 0):
 garbage-first heap   total 251904K, used 159391K [0x0000000080000000, 0x0000000100000000)
  region size 1024K, 5 young (5120K), 5 survivors (5120K)
 Metaspace       used 138743K, committed 140992K, reserved 1179648K
  class space    used 18293K, committed 19392K, reserved 1048576K
}
Event: 31.222 GC heap before
{Heap before GC invocations=45 (full 0):
 garbage-first heap   total 270336K, used 240287K [0x0000000080000000, 0x0000000100000000)
  region size 1024K, 76 young (77824K), 5 survivors (5120K)
 Metaspace       used 138817K, committed 141056K, reserved 1179648K
  class space    used 18293K, committed 19392K, reserved 1048576K
}
Event: 31.241 GC heap after
{Heap after GC invocations=46 (full 0):
 garbage-first heap   total 270336K, used 181760K [0x0000000080000000, 0x0000000100000000)
  region size 1024K, 10 young (10240K), 10 survivors (10240K)
 Metaspace       used 138817K, committed 141056K, reserved 1179648K
  class space    used 18293K, committed 19392K, reserved 1048576K
}
Event: 32.079 GC heap before
{Heap before GC invocations=46 (full 0):
 garbage-first heap   total 270336K, used 246272K [0x0000000080000000, 0x0000000100000000)
  region size 1024K, 70 young (71680K), 10 survivors (10240K)
 Metaspace       used 139842K, committed 142144K, reserved 1179648K
  class space    used 18375K, committed 19456K, reserved 1048576K
}
Event: 32.093 GC heap after
{Heap after GC invocations=47 (full 0):
 garbage-first heap   total 270336K, used 190464K [0x0000000080000000, 0x0000000100000000)
  region size 1024K, 9 young (9216K), 9 survivors (9216K)
 Metaspace       used 139842K, committed 142144K, reserved 1179648K
  class space    used 18375K, committed 19456K, reserved 1048576K
}
Event: 32.825 GC heap before
{Heap before GC invocations=47 (full 0):
 garbage-first heap   total 270336K, used 245760K [0x0000000080000000, 0x0000000100000000)
  region size 1024K, 63 young (64512K), 9 survivors (9216K)
 Metaspace       used 144974K, committed 147328K, reserved 1179648K
  class space    used 18996K, committed 20160K, reserved 1048576K
}
Event: 32.832 GC heap after
{Heap after GC invocations=48 (full 0):
 garbage-first heap   total 270336K, used 194314K [0x0000000080000000, 0x0000000100000000)
  region size 1024K, 3 young (3072K), 3 survivors (3072K)
 Metaspace       used 144974K, committed 147328K, reserved 1179648K
  class space    used 18996K, committed 20160K, reserved 1048576K
}
Event: 33.854 GC heap before
{Heap before GC invocations=49 (full 0):
 garbage-first heap   total 322560K, used 253706K [0x0000000080000000, 0x0000000100000000)
  region size 1024K, 57 young (58368K), 3 survivors (3072K)
 Metaspace       used 149573K, committed 152000K, reserved 1245184K
  class space    used 19687K, committed 20864K, reserved 1048576K
}
Event: 33.862 GC heap after
{Heap after GC invocations=50 (full 0):
 garbage-first heap   total 322560K, used 198656K [0x0000000080000000, 0x0000000100000000)
  region size 1024K, 7 young (7168K), 7 survivors (7168K)
 Metaspace       used 149573K, committed 152000K, reserved 1245184K
  class space    used 19687K, committed 20864K, reserved 1048576K
}
Event: 35.287 GC heap before
{Heap before GC invocations=50 (full 0):
 garbage-first heap   total 322560K, used 297984K [0x0000000080000000, 0x0000000100000000)
  region size 1024K, 103 young (105472K), 7 survivors (7168K)
 Metaspace       used 153417K, committed 155776K, reserved 1245184K
  class space    used 20174K, committed 21312K, reserved 1048576K
}
Event: 35.302 GC heap after
{Heap after GC invocations=51 (full 0):
 garbage-first heap   total 322560K, used 198435K [0x0000000080000000, 0x0000000100000000)
  region size 1024K, 13 young (13312K), 13 survivors (13312K)
 Metaspace       used 153417K, committed 155776K, reserved 1245184K
  class space    used 20174K, committed 21312K, reserved 1048576K
}
Event: 36.816 GC heap before
{Heap before GC invocations=51 (full 0):
 garbage-first heap   total 322560K, used 291619K [0x0000000080000000, 0x0000000100000000)
  region size 1024K, 104 young (106496K), 13 survivors (13312K)
 Metaspace       used 155654K, committed 158080K, reserved 1245184K
  class space    used 20317K, committed 21504K, reserved 1048576K
}
Event: 36.824 GC heap after
{Heap after GC invocations=52 (full 0):
 garbage-first heap   total 322560K, used 196608K [0x0000000080000000, 0x0000000100000000)
  region size 1024K, 2 young (2048K), 2 survivors (2048K)
 Metaspace       used 155654K, committed 158080K, reserved 1245184K
  class space    used 20317K, committed 21504K, reserved 1048576K
}

Dll operation events (3 events):
Event: 0.049 Loaded shared library C:\Program Files\Android\Android Studio\jbr\bin\java.dll
Event: 0.098 Loaded shared library C:\Program Files\Android\Android Studio\jbr\bin\zip.dll
Event: 1.597 Loaded shared library C:\Program Files\Android\Android Studio\jbr\bin\verify.dll

Deoptimization events (20 events):
Event: 35.787 Thread 0x0000026530864a60 Uncommon trap: trap_request=0xffffff45 fr.pc=0x000002651e62d41c relative=0x00000000000012bc
Event: 35.788 Thread 0x0000026530864a60 Uncommon trap: reason=unstable_if action=reinterpret pc=0x000002651e62d41c method=sun.invoke.util.Wrapper.forBasicType(Ljava/lang/Class;)Lsun/invoke/util/Wrapper; @ 59 c2
Event: 35.788 Thread 0x0000026530864a60 DEOPT PACKING pc=0x000002651e62d41c sp=0x0000008c509ec510
Event: 35.788 Thread 0x0000026530864a60 DEOPT UNPACKING pc=0x000002651de87da2 sp=0x0000008c509ec480 mode 2
Event: 36.022 Thread 0x0000026530864a60 Uncommon trap: trap_request=0xffffffde fr.pc=0x000002651e964324 relative=0x00000000000005a4
Event: 36.022 Thread 0x0000026530864a60 Uncommon trap: reason=class_check action=maybe_recompile pc=0x000002651e964324 method=org.jetbrains.kotlin.resolve.QualifiedExpressionResolver.storeResult(Lorg/jetbrains/kotlin/resolve/BindingTrace;Lorg/jetbrains/kotlin/psi/KtSimpleNameExpression;Lorg/jet
Event: 36.022 Thread 0x0000026530864a60 DEOPT PACKING pc=0x000002651e964324 sp=0x0000008c509ef0d0
Event: 36.022 Thread 0x0000026530864a60 DEOPT UNPACKING pc=0x000002651de87da2 sp=0x0000008c509eef98 mode 2
Event: 36.033 Thread 0x0000026530864a60 Uncommon trap: trap_request=0xffffffde fr.pc=0x000002651e964324 relative=0x00000000000005a4
Event: 36.033 Thread 0x0000026530864a60 Uncommon trap: reason=class_check action=maybe_recompile pc=0x000002651e964324 method=org.jetbrains.kotlin.resolve.QualifiedExpressionResolver.storeResult(Lorg/jetbrains/kotlin/resolve/BindingTrace;Lorg/jetbrains/kotlin/psi/KtSimpleNameExpression;Lorg/jet
Event: 36.033 Thread 0x0000026530864a60 DEOPT PACKING pc=0x000002651e964324 sp=0x0000008c509ef030
Event: 36.033 Thread 0x0000026530864a60 DEOPT UNPACKING pc=0x000002651de87da2 sp=0x0000008c509eeef8 mode 2
Event: 36.759 Thread 0x0000026530864a60 Uncommon trap: trap_request=0xffffff45 fr.pc=0x000002651eaf0698 relative=0x00000000000007f8
Event: 36.759 Thread 0x0000026530864a60 Uncommon trap: reason=unstable_if action=reinterpret pc=0x000002651eaf0698 method=com.google.common.collect.MapMakerInternalMap$Segment.drainKeyReferenceQueue(Ljava/lang/ref/ReferenceQueue;)V @ 32 c2
Event: 36.759 Thread 0x0000026530864a60 DEOPT PACKING pc=0x000002651eaf0698 sp=0x0000008c509f5830
Event: 36.759 Thread 0x0000026530864a60 DEOPT UNPACKING pc=0x000002651de87da2 sp=0x0000008c509f5780 mode 2
Event: 36.760 Thread 0x0000026530864a60 Uncommon trap: trap_request=0xffffff45 fr.pc=0x000002651eaf3c84 relative=0x00000000000007e4
Event: 36.760 Thread 0x0000026530864a60 Uncommon trap: reason=unstable_if action=reinterpret pc=0x000002651eaf3c84 method=com.google.common.collect.MapMakerInternalMap$Segment.drainKeyReferenceQueue(Ljava/lang/ref/ReferenceQueue;)V @ 32 c2
Event: 36.760 Thread 0x0000026530864a60 DEOPT PACKING pc=0x000002651eaf3c84 sp=0x0000008c509f5760
Event: 36.760 Thread 0x0000026530864a60 DEOPT UNPACKING pc=0x000002651de87da2 sp=0x0000008c509f5720 mode 2

Classes loaded (20 events):
Event: 33.448 Loading class javax/crypto/SecretKey
Event: 33.448 Loading class javax/crypto/SecretKey done
Event: 33.449 Loading class java/util/Base64
Event: 33.449 Loading class java/util/Base64 done
Event: 33.449 Loading class java/util/Base64$Decoder
Event: 33.450 Loading class java/util/Base64$Decoder done
Event: 33.450 Loading class java/util/Base64$Encoder
Event: 33.450 Loading class java/util/Base64$Encoder done
Event: 33.459 Loading class java/util/jar/JarVerifier$VerifierStream
Event: 33.459 Loading class java/util/jar/JarVerifier$VerifierStream done
Event: 33.460 Loading class sun/security/util/ManifestEntryVerifier$SunProviderHolder
Event: 33.460 Loading class sun/security/util/ManifestEntryVerifier$SunProviderHolder done
Event: 33.822 Loading class sun/reflect/annotation/AnnotationInvocationHandler$1
Event: 33.823 Loading class sun/reflect/annotation/AnnotationInvocationHandler$1 done
Event: 33.852 Loading class java/lang/foreign/ValueLayout
Event: 33.853 Loading class java/lang/foreign/MemoryLayout
Event: 33.854 Loading class java/lang/foreign/MemoryLayout done
Event: 33.854 Loading class java/lang/foreign/ValueLayout done
Event: 34.326 Loading class java/security/KeyStore
Event: 34.327 Loading class java/security/KeyStore done

Classes unloaded (0 events):
No events

Classes redefined (0 events):
No events

Internal exceptions (20 events):
Event: 33.548 Thread 0x0000026530864a60 Implicit null exception at 0x000002651e4c8774 to 0x000002651e4c8fdc
Event: 34.796 Thread 0x0000026530864a60 Implicit null exception at 0x000002651eb8a675 to 0x000002651eb8a788
Event: 35.087 Thread 0x0000026530864a60 Exception <a 'sun/nio/fs/WindowsException'{0x000000008f6ca298}> (0x000000008f6ca298) 
thrown [s\src\hotspot\share\prims\jni.cpp, line 537]
Event: 35.087 Thread 0x0000026530864a60 Exception <a 'sun/nio/fs/WindowsException'{0x000000008f6cc0f8}> (0x000000008f6cc0f8) 
thrown [s\src\hotspot\share\prims\jni.cpp, line 537]
Event: 36.740 Thread 0x0000026530864a60 Exception <a 'sun/nio/fs/WindowsException'{0x000000008e1e3b28}> (0x000000008e1e3b28) 
thrown [s\src\hotspot\share\prims\jni.cpp, line 537]
Event: 36.740 Thread 0x0000026530864a60 Exception <a 'sun/nio/fs/WindowsException'{0x000000008e1e5800}> (0x000000008e1e5800) 
thrown [s\src\hotspot\share\prims\jni.cpp, line 537]
Event: 36.742 Thread 0x0000026530864a60 Exception <a 'sun/nio/fs/WindowsException'{0x000000008e1efae0}> (0x000000008e1efae0) 
thrown [s\src\hotspot\share\prims\jni.cpp, line 537]
Event: 36.743 Thread 0x0000026530864a60 Exception <a 'sun/nio/fs/WindowsException'{0x000000008e1f9d10}> (0x000000008e1f9d10) 
thrown [s\src\hotspot\share\prims\jni.cpp, line 537]
Event: 36.745 Thread 0x0000026530864a60 Exception <a 'sun/nio/fs/WindowsException'{0x000000008e003618}> (0x000000008e003618) 
thrown [s\src\hotspot\share\prims\jni.cpp, line 537]
Event: 36.747 Thread 0x0000026530864a60 Exception <a 'sun/nio/fs/WindowsException'{0x000000008e00cd00}> (0x000000008e00cd00) 
thrown [s\src\hotspot\share\prims\jni.cpp, line 537]
Event: 36.748 Thread 0x0000026530864a60 Exception <a 'sun/nio/fs/WindowsException'{0x000000008e015d08}> (0x000000008e015d08) 
thrown [s\src\hotspot\share\prims\jni.cpp, line 537]
Event: 36.750 Thread 0x0000026530864a60 Exception <a 'sun/nio/fs/WindowsException'{0x000000008e01f408}> (0x000000008e01f408) 
thrown [s\src\hotspot\share\prims\jni.cpp, line 537]
Event: 36.752 Thread 0x0000026530864a60 Exception <a 'sun/nio/fs/WindowsException'{0x000000008e02f018}> (0x000000008e02f018) 
thrown [s\src\hotspot\share\prims\jni.cpp, line 537]
Event: 36.754 Thread 0x0000026530864a60 Exception <a 'sun/nio/fs/WindowsException'{0x000000008e0387f8}> (0x000000008e0387f8) 
thrown [s\src\hotspot\share\prims\jni.cpp, line 537]
Event: 36.756 Thread 0x0000026530864a60 Exception <a 'sun/nio/fs/WindowsException'{0x000000008e03fea0}> (0x000000008e03fea0) 
thrown [s\src\hotspot\share\prims\jni.cpp, line 537]
Event: 37.017 Thread 0x0000026530864a60 Exception <a 'java/lang/NoClassDefFoundError'{0x0000000092ea2960}: org/jetbrains/kotlin/gradle/plugin/KotlinBasePluginWrapper> (0x0000000092ea2960) 
thrown [s\src\hotspot\share\classfile\systemDictionary.cpp, line 301]
Event: 37.181 Thread 0x0000026530864a60 Exception <a 'java/lang/NoClassDefFoundError'{0x00000000920b7830}: org/jetbrains/kotlin/gradle/plugin/KotlinBasePluginWrapper> (0x00000000920b7830) 
thrown [s\src\hotspot\share\oops\constantPool.cpp, line 874]
Event: 37.220 Thread 0x0000026530864a60 Exception <a 'java/lang/NoClassDefFoundError'{0x0000000091c238c8}: org/jetbrains/kotlin/gradle/plugin/KotlinBasePluginWrapper> (0x0000000091c238c8) 
thrown [s\src\hotspot\share\oops\constantPool.cpp, line 874]
Event: 37.248 Thread 0x0000026530864a60 Exception <a 'java/lang/NoClassDefFoundError'{0x0000000091a498a0}: org/jetbrains/kotlin/gradle/plugin/KotlinBasePluginWrapper> (0x0000000091a498a0) 
thrown [s\src\hotspot\share\oops\constantPool.cpp, line 874]
Event: 37.252 Thread 0x0000026530864a60 Exception <a 'java/lang/NoClassDefFoundError'{0x0000000091a65920}: org/jetbrains/kotlin/gradle/plugin/KotlinBasePluginWrapper> (0x0000000091a65920) 
thrown [s\src\hotspot\share\oops\constantPool.cpp, line 874]

ZGC Phase Switch (0 events):
No events

VM Operations (20 events):
Event: 35.982 Executing VM operation: ICBufferFull
Event: 35.982 Executing VM operation: ICBufferFull done
Event: 36.161 Executing VM operation: ICBufferFull
Event: 36.161 Executing VM operation: ICBufferFull done
Event: 36.416 Executing VM operation: ICBufferFull
Event: 36.417 Executing VM operation: ICBufferFull done
Event: 36.514 Executing VM operation: ICBufferFull
Event: 36.514 Executing VM operation: ICBufferFull done
Event: 36.567 Executing VM operation: HandshakeAllThreads (Deoptimize)
Event: 36.567 Executing VM operation: HandshakeAllThreads (Deoptimize) done
Event: 36.628 Executing VM operation: ICBufferFull
Event: 36.628 Executing VM operation: ICBufferFull done
Event: 36.673 Executing VM operation: HandshakeAllThreads (Deoptimize)
Event: 36.673 Executing VM operation: HandshakeAllThreads (Deoptimize) done
Event: 36.816 Executing VM operation: G1CollectForAllocation (G1 Evacuation Pause)
Event: 36.824 Executing VM operation: G1CollectForAllocation (G1 Evacuation Pause) done
Event: 37.006 Executing VM operation: G1PauseRemark
Event: 37.016 Executing VM operation: G1PauseRemark done
Event: 37.099 Executing VM operation: G1PauseCleanup
Event: 37.099 Executing VM operation: G1PauseCleanup done

Memory protections (0 events):
No events

Nmethod flushes (20 events):
Event: 37.014 Thread 0x000002652a5e8070 flushing  nmethod 0x0000026517552290
Event: 37.014 Thread 0x000002652a5e8070 flushing  nmethod 0x0000026517552f10
Event: 37.014 Thread 0x000002652a5e8070 flushing  nmethod 0x000002651757f090
Event: 37.014 Thread 0x000002652a5e8070 flushing  nmethod 0x00000265175c1d10
Event: 37.014 Thread 0x000002652a5e8070 flushing  nmethod 0x00000265175e2690
Event: 37.014 Thread 0x000002652a5e8070 flushing  nmethod 0x00000265175e3610
Event: 37.014 Thread 0x000002652a5e8070 flushing  nmethod 0x00000265175e6d10
Event: 37.014 Thread 0x000002652a5e8070 flushing  nmethod 0x00000265175ea690
Event: 37.014 Thread 0x000002652a5e8070 flushing  nmethod 0x000002651762fe90
Event: 37.014 Thread 0x000002652a5e8070 flushing  nmethod 0x00000265177a3590
Event: 37.014 Thread 0x000002652a5e8070 flushing  nmethod 0x00000265177dc590
Event: 37.014 Thread 0x000002652a5e8070 flushing  nmethod 0x0000026517849890
Event: 37.014 Thread 0x000002652a5e8070 flushing osr nmethod 0x0000026517dce110
Event: 37.014 Thread 0x000002652a5e8070 flushing  nmethod 0x0000026517ffab90
Event: 37.014 Thread 0x000002652a5e8070 flushing  nmethod 0x000002651803ec90
Event: 37.014 Thread 0x000002652a5e8070 flushing  nmethod 0x0000026518163a90
Event: 37.014 Thread 0x000002652a5e8070 flushing  nmethod 0x00000265182bc310
Event: 37.014 Thread 0x000002652a5e8070 flushing  nmethod 0x00000265182f8990
Event: 37.014 Thread 0x000002652a5e8070 flushing  nmethod 0x00000265182fbe10
Event: 37.014 Thread 0x000002652a5e8070 flushing  nmethod 0x00000265182fc390

Events (20 events):
Event: 25.412 Thread 0x00000265335c8c70 Thread exited: 0x00000265335c8c70
Event: 25.606 Thread 0x000002652a7d4fa0 Thread added: 0x00000265335c8c70
Event: 26.197 Thread 0x00000265335c8c70 Thread exited: 0x00000265335c8c70
Event: 26.694 Thread 0x000002652a7d4fa0 Thread added: 0x000002653d150e30
Event: 27.799 Thread 0x000002653d150e30 Thread exited: 0x000002653d150e30
Event: 28.213 Thread 0x0000026530864a60 Thread added: 0x00000265321c7790
Event: 28.213 Thread 0x0000026530864a60 Thread added: 0x00000265321ca580
Event: 28.213 Thread 0x0000026530864a60 Thread added: 0x00000265321c7e20
Event: 28.292 Thread 0x0000026530864a60 Thread added: 0x00000265321cac10
Event: 28.294 Thread 0x0000026530864a60 Thread added: 0x00000265321c84b0
Event: 28.296 Thread 0x0000026530864a60 Thread added: 0x00000265321c91d0
Event: 28.789 Thread 0x0000026530864a60 Thread added: 0x0000026532b45080
Event: 28.790 Thread 0x0000026530864a60 Thread added: 0x00000265341a6a50
Event: 28.790 Thread 0x0000026530864a60 Thread added: 0x00000265341a7770
Event: 28.928 Thread 0x000002652a7d4fa0 Thread added: 0x000002653d150760
Event: 32.079 Thread 0x000002653d150760 Thread exited: 0x000002653d150760
Event: 33.172 Thread 0x0000026530864a60 Thread added: 0x000002653ef9fed0
Event: 33.549 Thread 0x000002652a7d4fa0 Thread added: 0x000002653d150760
Event: 36.695 Thread 0x000002653d150760 Thread exited: 0x000002653d150760
Event: 37.246 Thread 0x000002652a7d4fa0 Thread added: 0x000002653eae24c0


Dynamic libraries:
0x00007ff784190000 - 0x00007ff78419a000 	C:\Program Files\Android\Android Studio\jbr\bin\java.exe
0x00007ffa28440000 - 0x00007ffa286a7000 	C:\WINDOWS\SYSTEM32\ntdll.dll
0x00007ffa268c0000 - 0x00007ffa26989000 	C:\WINDOWS\System32\KERNEL32.DLL
0x00007ffa25800000 - 0x00007ffa25bef000 	C:\WINDOWS\System32\KERNELBASE.dll
0x00007ffa25c90000 - 0x00007ffa25ddb000 	C:\WINDOWS\System32\ucrtbase.dll
0x00007ffa16690000 - 0x00007ffa166a8000 	C:\Program Files\Android\Android Studio\jbr\bin\jli.dll
0x00007ffa27110000 - 0x00007ffa272d5000 	C:\WINDOWS\System32\USER32.dll
0x00007ffa25710000 - 0x00007ffa25737000 	C:\WINDOWS\System32\win32u.dll
0x00007ffa26590000 - 0x00007ffa265bb000 	C:\WINDOWS\System32\GDI32.dll
0x00007ffa25de0000 - 0x00007ffa25f0c000 	C:\WINDOWS\System32\gdi32full.dll
0x00007ffa25f10000 - 0x00007ffa25fb3000 	C:\WINDOWS\System32\msvcp_win.dll
0x00007ffa0d6c0000 - 0x00007ffa0d6db000 	C:\Program Files\Android\Android Studio\jbr\bin\VCRUNTIME140.dll
0x00007ffa10d20000 - 0x00007ffa10fb3000 	C:\WINDOWS\WinSxS\amd64_microsoft.windows.common-controls_6595b64144ccf1df_6.0.26100.7309_none_3e05feeae336a044\COMCTL32.dll
0x00007ffa26200000 - 0x00007ffa262a9000 	C:\WINDOWS\System32\msvcrt.dll
0x00007ffa263e0000 - 0x00007ffa26411000 	C:\WINDOWS\System32\IMM32.DLL
0x00007ffa20aa0000 - 0x00007ffa20aac000 	C:\Program Files\Android\Android Studio\jbr\bin\vcruntime140_1.dll
0x00007ff9f2760000 - 0x00007ff9f27ed000 	C:\Program Files\Android\Android Studio\jbr\bin\msvcp140.dll
0x00007ff9b8210000 - 0x00007ff9b8ea6000 	C:\Program Files\Android\Android Studio\jbr\bin\server\jvm.dll
0x00007ffa280f0000 - 0x00007ffa281a4000 	C:\WINDOWS\System32\ADVAPI32.dll
0x00007ffa265c0000 - 0x00007ffa26666000 	C:\WINDOWS\System32\sechost.dll
0x00007ffa262c0000 - 0x00007ffa263d8000 	C:\WINDOWS\System32\RPCRT4.dll
0x00007ffa273e0000 - 0x00007ffa27454000 	C:\WINDOWS\System32\WS2_32.dll
0x00007ffa24df0000 - 0x00007ffa24e4e000 	C:\WINDOWS\SYSTEM32\POWRPROF.dll
0x00007ffa1da60000 - 0x00007ffa1da95000 	C:\WINDOWS\SYSTEM32\WINMM.dll
0x00007ffa1d370000 - 0x00007ffa1d37b000 	C:\WINDOWS\SYSTEM32\VERSION.dll
0x00007ffa24dd0000 - 0x00007ffa24de4000 	C:\WINDOWS\SYSTEM32\UMPDC.dll
0x00007ffa24300000 - 0x00007ffa2431b000 	C:\WINDOWS\SYSTEM32\kernel.appcore.dll
0x00007ffa14500000 - 0x00007ffa1450a000 	C:\Program Files\Android\Android Studio\jbr\bin\jimage.dll
0x00007ffa22d10000 - 0x00007ffa22f52000 	C:\WINDOWS\SYSTEM32\DBGHELP.DLL
0x00007ffa27460000 - 0x00007ffa277e6000 	C:\WINDOWS\System32\combase.dll
0x00007ffa26670000 - 0x00007ffa26746000 	C:\WINDOWS\System32\OLEAUT32.dll
0x00007ffa066b0000 - 0x00007ffa066ec000 	C:\WINDOWS\SYSTEM32\dbgcore.DLL
0x00007ffa26130000 - 0x00007ffa261d5000 	C:\WINDOWS\System32\bcryptPrimitives.dll
0x00007ffa14e30000 - 0x00007ffa14e3e000 	C:\Program Files\Android\Android Studio\jbr\bin\instrument.dll
0x00007ffa02c70000 - 0x00007ffa02c90000 	C:\Program Files\Android\Android Studio\jbr\bin\java.dll
0x00007ffa02560000 - 0x00007ffa02578000 	C:\Program Files\Android\Android Studio\jbr\bin\zip.dll
0x00007ffa277f0000 - 0x00007ffa27f43000 	C:\WINDOWS\System32\SHELL32.dll
0x00007ffa25fc0000 - 0x00007ffa2612a000 	C:\WINDOWS\System32\wintypes.dll
0x00007ffa23150000 - 0x00007ffa239ae000 	C:\WINDOWS\SYSTEM32\windows.storage.dll
0x00007ffa26420000 - 0x00007ffa26515000 	C:\WINDOWS\System32\SHCORE.dll
0x00007ffa26520000 - 0x00007ffa26586000 	C:\WINDOWS\System32\shlwapi.dll
0x00007ffa254b0000 - 0x00007ffa254d9000 	C:\WINDOWS\SYSTEM32\profapi.dll
0x00007ffa144b0000 - 0x00007ffa144c0000 	C:\Program Files\Android\Android Studio\jbr\bin\net.dll
0x00007ffa17550000 - 0x00007ffa17678000 	C:\WINDOWS\SYSTEM32\WINHTTP.dll
0x00007ffa24850000 - 0x00007ffa248bb000 	C:\WINDOWS\system32\mswsock.dll
0x00007ffa02540000 - 0x00007ffa02556000 	C:\Program Files\Android\Android Studio\jbr\bin\nio.dll
0x00007ffa0d6b0000 - 0x00007ffa0d6c0000 	C:\Program Files\Android\Android Studio\jbr\bin\verify.dll
0x00007ff9fd1e0000 - 0x00007ff9fd207000 	C:\Users\Laila\.gradle\native\1def1411415f61bf3af743bc5b6707747c0891f09f0c88961ee8f79bc544acac\windows-amd64\native-platform.dll
0x00007ff9e61a0000 - 0x00007ff9e6218000 	C:\Users\Laila\.gradle\native\0.2.7\x86_64-windows-gnu\gradle-fileevents.dll
0x00007ffa0f860000 - 0x00007ffa0f869000 	C:\Program Files\Android\Android Studio\jbr\bin\management.dll
0x00007ffa0f380000 - 0x00007ffa0f38b000 	C:\Program Files\Android\Android Studio\jbr\bin\management_ext.dll
0x00007ffa270d0000 - 0x00007ffa270d8000 	C:\WINDOWS\System32\PSAPI.DLL
0x00007ffa23cf0000 - 0x00007ffa23d24000 	C:\WINDOWS\SYSTEM32\IPHLPAPI.DLL
0x00007ffa281b0000 - 0x00007ffa281ba000 	C:\WINDOWS\System32\NSI.dll
0x00007ffa0ff60000 - 0x00007ffa0ff69000 	C:\Program Files\Android\Android Studio\jbr\bin\extnet.dll
0x00007ffa24c40000 - 0x00007ffa24c5b000 	C:\WINDOWS\SYSTEM32\CRYPTSP.dll
0x00007ffa24260000 - 0x00007ffa2429a000 	C:\WINDOWS\system32\rsaenh.dll
0x00007ffa24900000 - 0x00007ffa2492b000 	C:\WINDOWS\SYSTEM32\USERENV.dll
0x00007ffa25480000 - 0x00007ffa254aa000 	C:\WINDOWS\SYSTEM32\bcrypt.dll
0x00007ffa24aa0000 - 0x00007ffa24aac000 	C:\WINDOWS\SYSTEM32\CRYPTBASE.dll
0x00007ffa05d10000 - 0x00007ffa05d18000 	C:\WINDOWS\system32\wshunix.dll

JVMTI agents:
C:\Users\Laila\.gradle\wrapper\dists\gradle-8.13-bin\5xuhj0ry160q40clulazy9h7d\gradle-8.13\lib\agents\gradle-instrumentation-agent-8.13.jar path:C:\Program Files\Android\Android Studio\jbr\bin\instrument.dll, loaded, initialized, instrumentlib options:none

dbghelp: loaded successfully - version: 4.0.5 - missing functions: none
symbol engine: initialized successfully - sym options: 0x614 - pdb path: .;C:\Program Files\Android\Android Studio\jbr\bin;C:\WINDOWS\SYSTEM32;C:\WINDOWS\WinSxS\amd64_microsoft.windows.common-controls_6595b64144ccf1df_6.0.26100.7309_none_3e05feeae336a044;C:\Program Files\Android\Android Studio\jbr\bin\server;C:\Users\Laila\.gradle\native\1def1411415f61bf3af743bc5b6707747c0891f09f0c88961ee8f79bc544acac\windows-amd64;C:\Users\Laila\.gradle\native\0.2.7\x86_64-windows-gnu

VM Arguments:
jvm_args: --add-opens=java.base/java.lang=ALL-UNNAMED --add-opens=java.base/java.lang.invoke=ALL-UNNAMED --add-opens=java.base/java.util=ALL-UNNAMED --add-opens=java.prefs/java.util.prefs=ALL-UNNAMED --add-exports=jdk.compiler/com.sun.tools.javac.api=ALL-UNNAMED --add-exports=jdk.compiler/com.sun.tools.javac.util=ALL-UNNAMED --add-opens=java.base/java.util=ALL-UNNAMED --add-opens=java.prefs/java.util.prefs=ALL-UNNAMED --add-opens=java.base/java.nio.charset=ALL-UNNAMED --add-opens=java.base/java.net=ALL-UNNAMED --add-opens=java.base/java.util.concurrent.atomic=ALL-UNNAMED --add-opens=java.xml/javax.xml.namespace=ALL-UNNAMED -Xmx2048m -Dfile.encoding=UTF-8 -Duser.country=GB -Duser.language=en -Duser.variant -javaagent:C:\Users\Laila\.gradle\wrapper\dists\gradle-8.13-bin\5xuhj0ry160q40clulazy9h7d\gradle-8.13\lib\agents\gradle-instrumentation-agent-8.13.jar 
java_command: org.gradle.launcher.daemon.bootstrap.GradleDaemon 8.13
java_class_path (initial): C:\Users\Laila\.gradle\wrapper\dists\gradle-8.13-bin\5xuhj0ry160q40clulazy9h7d\gradle-8.13\lib\gradle-daemon-main-8.13.jar
Launcher Type: SUN_STANDARD

[Global flags]
     intx CICompilerCount                          = 3                                         {product} {ergonomic}
     uint ConcGCThreads                            = 1                                         {product} {ergonomic}
     uint G1ConcRefinementThreads                  = 4                                         {product} {ergonomic}
   size_t G1HeapRegionSize                         = 1048576                                   {product} {ergonomic}
    uintx GCDrainStackTargetSize                   = 64                                        {product} {ergonomic}
   size_t InitialHeapSize                          = 132120576                                 {product} {ergonomic}
   size_t MarkStackSize                            = 4194304                                   {product} {ergonomic}
   size_t MaxHeapSize                              = 2147483648                                {product} {command line}
   size_t MaxNewSize                               = 1287651328                                {product} {ergonomic}
   size_t MinHeapDeltaBytes                        = 1048576                                   {product} {ergonomic}
   size_t MinHeapSize                              = 8388608                                   {product} {ergonomic}
    uintx NonNMethodCodeHeapSize                   = 5832780                                {pd product} {ergonomic}
    uintx NonProfiledCodeHeapSize                  = 122912730                              {pd product} {ergonomic}
    uintx ProfiledCodeHeapSize                     = 122912730                              {pd product} {ergonomic}
    uintx ReservedCodeCacheSize                    = 251658240                              {pd product} {ergonomic}
     bool SegmentedCodeCache                       = true                                      {product} {ergonomic}
   size_t SoftMaxHeapSize                          = 2147483648                             {manageable} {ergonomic}
     bool UseCompressedOops                        = true                           {product lp64_product} {ergonomic}
     bool UseG1GC                                  = true                                      {product} {ergonomic}
     bool UseLargePagesIndividualAllocation        = false                                  {pd product} {ergonomic}

Logging:
Log output configuration:
 #0: stdout all=warning uptime,level,tags foldmultilines=false
 #1: stderr all=off uptime,level,tags foldmultilines=false

Environment Variables:
PATH=C:\Program Files\Common Files\Oracle\Java\javapath;C:\Program Files (x86)\VMware\VMware Workstation\bin\;C:\oraclexe\app\oracle\product\11.2.0\server\bin;;C:\Windows\system32;C:\Windows;C:\Windows\System32\Wbem;C:\Windows\System32\WindowsPowerShell\v1.0\;C:\Windows\System32\OpenSSH\;C:\Program Files\dotnet\;C:\Program Files\Microsoft SQL Server\Client SDK\ODBC\170\Tools\Binn\;C:\Program Files\Microsoft SQL Server\150\Tools\Binn\;C:\WINDOWS\system32;C:\WINDOWS;C:\WINDOWS\System32\Wbem;C:\WINDOWS\System32\WindowsPowerShell\v1.0\;C:\WINDOWS\System32\OpenSSH\;C:\Program Files (x86)\Moscow ML\bin;C:\Program Files (x86)\Moscow ML\bin\bin;C:\Users\Laila\AppData\Local\Programs\Python\Python314\;C:\Program Files\Java\jdk-21\bin;C:\Users\Laila\AppData\Local\Programs\Python\Launcher\;C:\Users\Laila\AppData\Local\Microsoft\WindowsApps;C:\Users\Laila\.dotnet\tools;C:\Users\Laila\AppData\Local\Programs\Microsoft VS Code\bin;
USERNAME=Laila
OS=Windows_NT
PROCESSOR_IDENTIFIER=Intel64 Family 6 Model 140 Stepping 2, GenuineIntel
TMP=C:\Users\Laila\AppData\Local\Temp
TEMP=C:\Users\Laila\AppData\Local\Temp




Periodic native trim disabled

JNI global refs:
JNI global refs: 27, weak refs: 0

JNI global refs memory usage: 835, weak refs: 833

Process memory usage:
Resident Set Size: 612964K (7% of 8166712K total physical memory with 700292K free physical memory)

OOME stack traces (most recent first):
Classloader memory used:
Loader org.gradle.internal.classloader.VisitableURLClassLoader                         : 100M
Loader bootstrap                                                                       : 27665K
Loader org.gradle.internal.classloader.VisitableURLClassLoader$InstrumentingVisitableURLClassLoader: 13221K
Loader org.gradle.initialization.MixInLegacyTypesClassLoader                           : 11945K
Loader org.gradle.internal.classloader.VisitableURLClassLoader                         : 1095K
Loader jdk.internal.loader.ClassLoaders$PlatformClassLoader                            : 527K
Loader jdk.internal.jrtfs.JrtFileSystemProvider$JrtFsLoader                            : 345K
Loader jdk.internal.reflect.DelegatingClassLoader                                      : 327K
Loader jdk.internal.loader.ClassLoaders$AppClassLoader                                 : 235K
Loader org.gradle.groovy.scripts.internal.DefaultScriptCompilationHandler$ScriptClassLoader: 90760B
Loader org.codehaus.groovy.runtime.callsite.CallSiteClassLoader                        : 49912B

Classes loaded by more than one classloader:
Class Program                                                                         : loaded 5 times (x 72B)
Class org.gradle.api.Action                                                           : loaded 3 times (x 70B)
Class org.gradle.internal.Cast                                                        : loaded 3 times (x 71B)
Class Build_gradle$1                                                                  : loaded 3 times (x 74B)
Class org.gradle.internal.IoActions                                                   : loaded 3 times (x 71B)
Class org.gradle.api.UncheckedIOException                                             : loaded 3 times (x 82B)
Class org.gradle.api.GradleException                                                  : loaded 3 times (x 82B)
Class Build_gradle                                                                    : loaded 3 times (x 130B)
Class com.google.common.collect.ImmutableEnumSet                                      : loaded 2 times (x 146B)
Class com.google.common.util.concurrent.ExecutionError                                : loaded 2 times (x 82B)
Class com.google.common.collect.ImmutableList$1                                       : loaded 2 times (x 97B)
Class org.gradle.api.internal.classpath.ManifestUtil                                  : loaded 2 times (x 71B)
Class com.google.common.collect.RegularImmutableMap                                   : loaded 2 times (x 121B)
Class com.google.common.collect.ImmutableMap$MapViewOfValuesAsSingletonSets           : loaded 2 times (x 126B)
Class [Lorg.objectweb.asm.Symbol;                                                     : loaded 2 times (x 69B)
Class org.objectweb.asm.ClassVisitor                                                  : loaded 2 times (x 88B)
Class com.google.common.collect.UnmodifiableListIterator                              : loaded 2 times (x 95B)
Class jdk.internal.jimage.decompressor.StringSharingDecompressorFactory               : loaded 2 times (x 74B)
Class org.gradle.internal.operations.MultipleBuildOperationFailures                   : loaded 2 times (x 95B)
Class org.objectweb.asm.MethodTooLargeException                                       : loaded 2 times (x 83B)
Class [Lcom.google.common.cache.CacheBuilder$OneWeigher;                              : loaded 2 times (x 69B)
Class com.google.common.base.Suppliers                                                : loaded 2 times (x 71B)
Class org.gradle.internal.classloader.DefaultClassLoaderFactory                       : loaded 2 times (x 82B)
Class kotlin.collections.AbstractList$Companion                                       : loaded 2 times (x 71B)
Class org.gradle.internal.classloader.ClassLoaderVisitor                              : loaded 2 times (x 76B)
Class [Lcom.google.common.collect.ImmutableMapEntry;                                  : loaded 2 times (x 69B)
Class org.gradle.api.internal.classpath.EffectiveClassPath                            : loaded 2 times (x 90B)
Class com.google.common.collect.ListMultimap                                          : loaded 2 times (x 70B)
Class com.google.common.collect.ImmutableEnumMap                                      : loaded 2 times (x 126B)
Class org.gradle.tooling.internal.gradle.DefaultProjectIdentifier                     : loaded 2 times (x 86B)
Class com.google.common.collect.Sets$1                                                : loaded 2 times (x 139B)
Class org.objectweb.asm.AnnotationVisitor                                             : loaded 2 times (x 78B)
Class org.gradle.api.internal.DefaultClassPathProvider                                : loaded 2 times (x 76B)
Class com.google.common.collect.Sets$2                                                : loaded 2 times (x 139B)
Class [Lorg.gradle.api.internal.ClassPathProvider;                                    : loaded 2 times (x 69B)
Class org.gradle.api.internal.ClassPathProvider                                       : loaded 2 times (x 70B)
Class [Lorg.objectweb.asm.AnnotationVisitor;                                          : loaded 2 times (x 69B)
Class com.google.common.collect.Sets$3                                                : loaded 2 times (x 139B)
Class com.google.common.util.concurrent.AbstractFuture$SafeAtomicHelper               : loaded 2 times (x 79B)
Class com.google.common.cache.LocalCache$LocalLoadingCache                            : loaded 2 times (x 134B)
Class jdk.internal.jrtfs.SystemImage                                                  : loaded 2 times (x 74B)
Class org.gradle.internal.service.UnknownServiceException                             : loaded 2 times (x 83B)
Class com.google.common.collect.Sets$4                                                : loaded 2 times (x 139B)
Class org.objectweb.asm.ModuleVisitor                                                 : loaded 2 times (x 81B)
Class com.google.common.cache.LocalCache$Strength$1                                   : loaded 2 times (x 81B)
Class com.google.common.util.concurrent.SettableFuture                                : loaded 2 times (x 114B)
Class com.google.common.cache.LocalCache$Strength$2                                   : loaded 2 times (x 81B)
Class com.google.common.cache.LocalCache$Strength$3                                   : loaded 2 times (x 81B)
Class com.google.common.collect.MapDifference                                         : loaded 2 times (x 70B)
Class org.objectweb.asm.FieldWriter                                                   : loaded 2 times (x 78B)
Class com.google.common.cache.CacheBuilder$NullListener                               : loaded 2 times (x 82B)
Class org.gradle.internal.classpath.TransformedClassPath                              : loaded 2 times (x 96B)
Class org.gradle.internal.classloader.InstrumentingClassLoader                        : loaded 2 times (x 70B)
Class com.google.common.cache.CacheLoader$FunctionToCacheLoader                       : loaded 2 times (x 75B)
Class com.google.common.collect.Iterators$ArrayItr                                    : loaded 2 times (x 97B)
Class com.google.common.collect.ImmutableCollection$Builder                           : loaded 2 times (x 76B)
Class jdk.internal.jrtfs.SystemImage$1                                                : loaded 2 times (x 78B)
Class kotlin.enums.EnumEntriesList                                                    : loaded 2 times (x 223B)
Class com.google.common.base.Joiner                                                   : loaded 2 times (x 79B)
Class com.google.common.base.MoreObjects                                              : loaded 2 times (x 71B)
Class jdk.internal.jrtfs.SystemImage$2                                                : loaded 2 times (x 76B)
Class com.google.common.collect.Platform                                              : loaded 2 times (x 71B)
Class [Lorg.objectweb.asm.Type;                                                       : loaded 2 times (x 69B)
Class com.google.common.collect.UnmodifiableIterator                                  : loaded 2 times (x 80B)
Class org.gradle.internal.service.ServiceLocator                                      : loaded 2 times (x 70B)
Class com.google.common.base.Ascii                                                    : loaded 2 times (x 71B)
Class com.google.common.collect.SingletonImmutableBiMap                               : loaded 2 times (x 143B)
Class com.google.common.cache.LocalCache$1                                            : loaded 2 times (x 89B)
Class com.google.common.collect.AbstractMapEntry                                      : loaded 2 times (x 81B)
Class jdk.internal.jrtfs.JrtFileSystemProvider                                        : loaded 2 times (x 101B)
Class com.intellij.gradle.toolingExtension.util.GradleVersionUtil                     : loaded 2 times (x 71B)
Class org.gradle.tooling.model.UnsupportedMethodException                             : loaded 2 times (x 82B)
Class com.google.common.collect.ImmutableList$Builder                                 : loaded 2 times (x 77B)
Class com.google.common.collect.AbstractMultimap                                      : loaded 2 times (x 123B)
Class com.google.common.cache.LocalCache$2                                            : loaded 2 times (x 142B)
Class com.google.common.util.concurrent.AbstractFuture$UnsafeAtomicHelper$1           : loaded 2 times (x 76B)
Class com.google.common.collect.RegularImmutableAsList                                : loaded 2 times (x 217B)
Class com.google.common.util.concurrent.AbstractFuture$Trusted                        : loaded 2 times (x 70B)
Class com.google.common.collect.Iterators                                             : loaded 2 times (x 71B)
Class com.google.common.collect.Lists$StringAsImmutableList                           : loaded 2 times (x 207B)
Class com.google.common.util.concurrent.UncheckedExecutionException                   : loaded 2 times (x 82B)
Class org.gradle.kotlin.dsl.VersionCatalogAccessorsKt                                 : loaded 2 times (x 71B)
Class jdk.internal.jimage.ImageLocation                                               : loaded 2 times (x 90B)
Class jdk.internal.jrtfs.JrtDirectoryStream$1                                         : loaded 2 times (x 83B)
Class org.gradle.internal.InternalTransformer                                         : loaded 2 times (x 70B)
Class org.objectweb.asm.ClassWriter                                                   : loaded 2 times (x 106B)
Class com.google.common.cache.CacheLoader$UnsupportedLoadingOperationException        : loaded 2 times (x 82B)
Class com.google.common.base.CharMatcher$And                                          : loaded 2 times (x 112B)
Class jdk.internal.jimage.ImageBufferCache$1                                          : loaded 2 times (x 83B)
Class org.gradle.internal.time.DefaultTimer                                           : loaded 2 times (x 80B)
Class org.gradle.internal.classloader.ClasspathUtil$1                                 : loaded 2 times (x 76B)
Class org.objectweb.asm.FieldVisitor                                                  : loaded 2 times (x 77B)
Class com.google.common.collect.IndexedImmutableSet                                   : loaded 2 times (x 152B)
Class com.google.common.collect.ImmutableMap$1                                        : loaded 2 times (x 81B)
Class com.google.common.collect.BiMap                                                 : loaded 2 times (x 70B)
Class jdk.internal.jimage.ImageBufferCache$2                                          : loaded 2 times (x 91B)
Class org.gradle.api.internal.classpath.DefaultModuleRegistry$DefaultModule           : loaded 2 times (x 86B)
Class com.google.common.primitives.Ints                                               : loaded 2 times (x 71B)
Class com.google.common.collect.AbstractIterator                                      : loaded 2 times (x 82B)
Class com.google.common.collect.ObjectArrays                                          : loaded 2 times (x 71B)
Class com.google.common.collect.Multiset                                              : loaded 2 times (x 70B)
Class com.google.common.collect.ArrayListMultimapGwtSerializationDependencies         : loaded 2 times (x 172B)
Class com.google.common.collect.AbstractIndexedListIterator                           : loaded 2 times (x 96B)
Class com.google.common.math.MathPreconditions                                        : loaded 2 times (x 71B)
Class org.gradle.internal.time.DefaultCountdownTimer                                  : loaded 2 times (x 88B)
Class com.google.common.collect.ImmutableMapEntrySet                                  : loaded 2 times (x 152B)
Class org.gradle.tooling.internal.gradle.DefaultBuildIdentifier                       : loaded 2 times (x 79B)
Class kotlin.Function                                                                 : loaded 2 times (x 70B)
Class org.gradle.api.internal.classpath.Module                                        : loaded 2 times (x 70B)
Class com.google.common.cache.Weigher                                                 : loaded 2 times (x 70B)
Class org.gradle.api.internal.classpath.UnknownModuleException                        : loaded 2 times (x 82B)
Class com.google.common.base.Stopwatch                                                : loaded 2 times (x 72B)
Class com.google.common.cache.LocalCache$Strength                                     : loaded 2 times (x 81B)
Class com.google.common.cache.Cache                                                   : loaded 2 times (x 70B)
Class jdk.internal.jimage.ImageHeader                                                 : loaded 2 times (x 71B)
Class com.google.common.util.concurrent.AbstractFuture$Cancellation                   : loaded 2 times (x 72B)
Class com.google.common.collect.ImmutableMap$Builder                                  : loaded 2 times (x 82B)
Class sync_studio_tooling1_5082e3c0icdd43mwdq98llmwt                                  : loaded 2 times (x 179B)
Class com.google.common.cache.RemovalListener                                         : loaded 2 times (x 70B)
Class org.gradle.tooling.internal.gradle.GradleProjectIdentity                        : loaded 2 times (x 70B)
Class org.gradle.api.internal.DefaultClassPathRegistry                                : loaded 2 times (x 76B)
Class com.google.common.primitives.IntsMethodsForWeb                                  : loaded 2 times (x 71B)
Class com.google.common.collect.Multimap                                              : loaded 2 times (x 70B)
Class org.gradle.api.internal.ClassPathRegistry                                       : loaded 2 times (x 70B)
Class org.gradle.internal.classpath.DefaultClassPath$ImmutableUniqueList              : loaded 2 times (x 199B)
Class jdk.internal.jimage.decompressor.ResourceDecompressor                           : loaded 2 times (x 70B)
Class org.gradle.internal.classloader.ClassLoaderHierarchy                            : loaded 2 times (x 70B)
Class com.google.common.cache.CacheBuilder                                            : loaded 2 times (x 72B)
Class com.google.common.collect.SingletonImmutableList                                : loaded 2 times (x 207B)
Class Settings_gradle$1                                                               : loaded 2 times (x 74B)
Class jdk.internal.jimage.BasicImageReader                                            : loaded 2 times (x 95B)
Class org.gradle.internal.classpath.ClassPath                                         : loaded 2 times (x 70B)
Class com.google.common.collect.ImmutableList$ReverseImmutableList                    : loaded 2 times (x 209B)
Class org.objectweb.asm.SymbolTable$Entry                                             : loaded 2 times (x 74B)
Class com.google.common.util.concurrent.AbstractFuture$AtomicHelper                   : loaded 2 times (x 78B)
Class org.objectweb.asm.Edge                                                          : loaded 2 times (x 72B)
Class com.google.common.base.Suppliers$SupplierOfInstance                             : loaded 2 times (x 79B)
Class com.google.common.collect.Iterators$1                                           : loaded 2 times (x 81B)
Class jdk.internal.jimage.ImageStringsReader                                          : loaded 2 times (x 80B)
Class org.gradle.tooling.model.Model                                                  : loaded 2 times (x 70B)
Class com.google.common.cache.LocalCache$ComputingValueReference                      : loaded 2 times (x 96B)
Class com.google.common.collect.SingletonImmutableSet                                 : loaded 2 times (x 146B)
Class com.google.common.base.CharMatcher$IsEither                                     : loaded 2 times (x 111B)
Class kotlin.UninitializedPropertyAccessException                                     : loaded 2 times (x 82B)
Class com.google.common.cache.LocalCache$Segment                                      : loaded 2 times (x 154B)
Class jdk.internal.jimage.ImageReader                                                 : loaded 2 times (x 75B)
Class com.google.common.collect.AbstractListMultimap                                  : loaded 2 times (x 172B)
Class [Lorg.objectweb.asm.SymbolTable$Entry;                                          : loaded 2 times (x 69B)
Class com.google.common.cache.CacheLoader                                             : loaded 2 times (x 74B)
Class com.google.common.collect.Iterators$4                                           : loaded 2 times (x 82B)
Class com.google.common.collect.ImmutableBiMap                                        : loaded 2 times (x 143B)
Class jdk.internal.jimage.ImageReader$SharedImageReader                               : loaded 2 times (x 95B)
Class org.gradle.internal.installation.GradleInstallation$1                           : loaded 2 times (x 75B)
Class org.gradle.api.internal.classpath.ModuleRegistry                                : loaded 2 times (x 70B)
Class com.google.common.util.concurrent.internal.InternalFutureFailureAccess          : loaded 2 times (x 72B)
Class com.google.common.collect.Iterators$5                                           : loaded 2 times (x 82B)
Class com.google.common.collect.ImmutableSet$JdkBackedSetBuilderImpl                  : loaded 2 times (x 76B)
Class jdk.internal.jimage.decompressor.ResourceDecompressorFactory                    : loaded 2 times (x 74B)
Class com.google.common.util.concurrent.AbstractFuture$UnsafeAtomicHelper             : loaded 2 times (x 78B)
Class com.google.common.cache.LocalCache$LocalManualCache$1                           : loaded 2 times (x 75B)
Class com.google.common.base.CharMatcher$ForPredicate                                 : loaded 2 times (x 112B)
Class com.google.common.base.CharMatcher$AnyOf                                        : loaded 2 times (x 112B)
Class com.google.common.collect.ImmutableCollection                                   : loaded 2 times (x 125B)
Class jdk.internal.jimage.ImageReader$Node                                            : loaded 2 times (x 84B)
Class ijInit1_df0rlgeb4ihd9mcl79oysmorg                                               : loaded 2 times (x 179B)
Class org.gradle.api.internal.classpath.DefaultModuleRegistry                         : loaded 2 times (x 86B)
Class com.google.common.collect.Lists                                                 : loaded 2 times (x 71B)
Class com.google.common.util.concurrent.ListenableFuture                              : loaded 2 times (x 70B)
Class com.google.common.cache.ReferenceEntry                                          : loaded 2 times (x 70B)
Class com.google.common.base.Converter                                                : loaded 2 times (x 90B)
Class com.google.common.collect.ImmutableSet$CachingAsList                            : loaded 2 times (x 148B)
Class jdk.internal.jimage.BasicImageReader$1                                          : loaded 2 times (x 77B)
Class com.google.common.collect.AbstractMapBasedMultimap                              : loaded 2 times (x 139B)
Class com.google.common.util.concurrent.AbstractFuture                                : loaded 2 times (x 106B)
Class com.google.common.base.FunctionalEquivalence                                    : loaded 2 times (x 83B)
Class com.google.common.collect.Iterators$9                                           : loaded 2 times (x 81B)
Class com.google.common.collect.ImmutableAsList                                       : loaded 2 times (x 209B)
Class org.objectweb.asm.RecordComponentVisitor                                        : loaded 2 times (x 77B)
Class com.google.common.cache.CacheLoader$SupplierToCacheLoader                       : loaded 2 times (x 75B)
Class org.gradle.util.internal.DefaultGradleVersion$Stage                             : loaded 2 times (x 75B)
Class com.google.common.collect.Maps$EntryTransformer                                 : loaded 2 times (x 70B)
Class jdk.internal.jimage.decompressor.Decompressor                                   : loaded 2 times (x 72B)
Class jdk.internal.jimage.ImageReader$Resource                                        : loaded 2 times (x 84B)
Class org.gradle.internal.time.MonotonicClock                                         : loaded 2 times (x 77B)
Class org.gradle.internal.service.ServiceLookupException                              : loaded 2 times (x 82B)
Class [Lcom.google.common.cache.LocalCache$EntryFactory;                              : loaded 2 times (x 69B)
Class jdk.internal.jrtfs.JrtFileAttributes                                            : loaded 2 times (x 83B)
Class org.gradle.internal.classloader.ClassLoaderFactory                              : loaded 2 times (x 70B)
Class com.google.common.cache.LocalCache$LocalManualCache                             : loaded 2 times (x 99B)
Class com.google.common.base.CharMatcher$IsNot                                        : loaded 2 times (x 111B)
Class org.gradle.internal.service.CachingServiceLocator                               : loaded 2 times (x 82B)
Class com.google.common.math.IntMath                                                  : loaded 2 times (x 71B)
Class com.google.common.collect.ImmutableMapEntry                                     : loaded 2 times (x 85B)
Class org.gradle.internal.time.TimeSource                                             : loaded 2 times (x 70B)
Class com.google.common.base.Equivalence                                              : loaded 2 times (x 82B)
Class com.google.common.base.Function                                                 : loaded 2 times (x 70B)
Class com.google.common.collect.ImmutableMapEntry$NonTerminalImmutableMapEntry        : loaded 2 times (x 85B)
Class org.gradle.tooling.internal.gradle.GradleBuildIdentity                          : loaded 2 times (x 70B)
Class kotlin.enums.EnumEntries                                                        : loaded 2 times (x 70B)
Class com.google.common.cache.CacheBuilder$OneWeigher                                 : loaded 2 times (x 82B)
Class com.google.common.collect.RegularImmutableList                                  : loaded 2 times (x 213B)
Class org.gradle.internal.exceptions.ResolutionProvider                               : loaded 2 times (x 70B)
Class jdk.internal.jimage.ImageBufferCache                                            : loaded 2 times (x 71B)
Class jdk.internal.jrtfs.JrtPath                                                      : loaded 2 times (x 118B)
Class org.gradle.tooling.model.ProjectIdentifier                                      : loaded 2 times (x 70B)
Class org.gradle.internal.classloader.ClasspathUtil                                   : loaded 2 times (x 71B)
Class com.google.common.base.Charsets                                                 : loaded 2 times (x 71B)
Class com.google.common.util.concurrent.Uninterruptibles                              : loaded 2 times (x 71B)
Class com.google.common.collect.Maps                                                  : loaded 2 times (x 71B)
Class org.gradle.internal.time.TimeSource$1                                           : loaded 2 times (x 77B)
Class kotlin.jvm.internal.DefaultConstructorMarker                                    : loaded 2 times (x 71B)
Class org.gradle.api.specs.Spec                                                       : loaded 2 times (x 70B)
Class [Lcom.google.common.collect.ImmutableEntry;                                     : loaded 2 times (x 69B)
Class jdk.internal.jimage.ImageReader$SharedImageReader$LocationVisitor               : loaded 2 times (x 70B)
Class com.google.common.cache.LocalCache$LoadingValueReference                        : loaded 2 times (x 96B)
Class org.gradle.internal.classloader.FilteringClassLoader                            : loaded 2 times (x 105B)
Class jdk.internal.jimage.decompressor.ResourceDecompressorRepository                 : loaded 2 times (x 71B)
Class com.intellij.gradle.toolingExtension.impl.model.utilDummyModel.DummyModel       : loaded 2 times (x 70B)
Class org.gradle.internal.time.Clock                                                  : loaded 2 times (x 70B)
Class [Lorg.objectweb.asm.AnnotationWriter;                                           : loaded 2 times (x 69B)
Class com.google.common.collect.Maps$8                                                : loaded 2 times (x 82B)
Class jdk.internal.jimage.ImageReader$Directory                                       : loaded 2 times (x 84B)
Class kotlin.collections.AbstractList                                                 : loaded 2 times (x 197B)
Class kotlin.collections.AbstractCollection                                           : loaded 2 times (x 117B)
Class com.google.common.collect.Sets$SetView                                          : loaded 2 times (x 138B)
Class com.google.common.cache.LocalCache$StrongValueReference                         : loaded 2 times (x 90B)
Class com.google.common.util.concurrent.AbstractFuture$SynchronizedHelper             : loaded 2 times (x 78B)
Class org.objectweb.asm.Type                                                          : loaded 2 times (x 72B)
Class org.gradle.internal.impldep.com.google.common.base.Preconditions                : loaded 2 times (x 71B)
Class org.gradle.internal.classloader.VisitableURLClassLoader$InstrumentingVisitableURLClassLoader: loaded 2 times (x 123B)
Class org.objectweb.asm.ByteVector                                                    : loaded 2 times (x 79B)
Class [Lcom.google.common.cache.CacheBuilder$NullListener;                            : loaded 2 times (x 69B)
Class com.google.common.math.IntMath$1                                                : loaded 2 times (x 71B)
Class org.gradle.internal.classloader.VisitableURLClassLoader$Spec                    : loaded 2 times (x 74B)
Class org.gradle.internal.classpath.DefaultClassPath                                  : loaded 2 times (x 90B)
Class org.objectweb.asm.Symbol                                                        : loaded 2 times (x 73B)
Class jdk.internal.jimage.decompressor.ZipDecompressorFactory                         : loaded 2 times (x 74B)
Class org.gradle.util.internal.DefaultGradleVersion                                   : loaded 2 times (x 80B)
Class com.google.common.base.CharMatcher$Ascii                                        : loaded 2 times (x 112B)
Class com.google.common.base.CharMatcher$BitSetMatcher                                : loaded 2 times (x 112B)
Class com.google.common.collect.ImmutableSet                                          : loaded 2 times (x 145B)
Class com.google.common.collect.RegularImmutableMap$Values                            : loaded 2 times (x 207B)
Class org.gradle.internal.classloader.ClassLoaderSpec                                 : loaded 2 times (x 71B)
Class org.objectweb.asm.AnnotationWriter                                              : loaded 2 times (x 79B)
Class com.google.common.cache.CacheStats                                              : loaded 2 times (x 71B)
Class org.objectweb.asm.RecordComponentWriter                                         : loaded 2 times (x 78B)
Class com.google.common.util.concurrent.AbstractFuture$Listener                       : loaded 2 times (x 72B)
Class com.google.common.base.CharMatcher$Or                                           : loaded 2 times (x 112B)
Class Settings_gradle$1$1                                                             : loaded 2 times (x 74B)
Class kotlin.Unit                                                                     : loaded 2 times (x 71B)
Class org.objectweb.asm.Attribute                                                     : loaded 2 times (x 77B)
Class com.google.common.base.Supplier                                                 : loaded 2 times (x 70B)
Class org.gradle.internal.classloader.VisitableURLClassLoader                         : loaded 2 times (x 117B)
Class com.google.common.util.concurrent.AbstractFuture$Waiter                         : loaded 2 times (x 72B)
Class Settings_gradle                                                                 : loaded 2 times (x 128B)
Class kotlin.NotImplementedError                                                      : loaded 2 times (x 82B)
Class com.google.common.collect.RegularImmutableMap$KeySet                            : loaded 2 times (x 152B)
Class com.google.common.collect.Sets                                                  : loaded 2 times (x 71B)
Class org.objectweb.asm.Handler                                                       : loaded 2 times (x 72B)
Class com.google.common.base.Ticker                                                   : loaded 2 times (x 72B)
Class com.google.common.base.CharMatcher$FastMatcher                                  : loaded 2 times (x 111B)
Class jdk.internal.jimage.decompressor.ZipDecompressor                                : loaded 2 times (x 75B)
Class kotlin.jvm.functions.Function1                                                  : loaded 2 times (x 70B)
Class [Lcom.google.common.cache.LocalCache$Segment;                                   : loaded 2 times (x 69B)
Class [Lcom.google.common.cache.LocalCache$Strength;                                  : loaded 2 times (x 69B)
Class com.google.common.cache.CacheBuilder$1                                          : loaded 2 times (x 85B)
Class com.google.common.base.Predicate                                                : loaded 2 times (x 70B)
Class com.google.common.collect.ImmutableMap                                          : loaded 2 times (x 120B)
Class org.gradle.internal.classpath.DefaultClassPath$ImmutableUniqueList$Builder      : loaded 2 times (x 75B)
Class com.google.common.cache.LocalCache                                              : loaded 2 times (x 187B)
Class com.google.common.cache.CacheBuilder$2                                          : loaded 2 times (x 79B)
Class com.google.common.base.CharMatcher$NegatedFastMatcher                           : loaded 2 times (x 113B)
Class com.google.common.collect.ArrayListMultimap                                     : loaded 2 times (x 172B)
Class com.google.common.cache.CacheBuilder$3                                          : loaded 2 times (x 72B)
Class [Lcom.google.common.collect.AbstractMapEntry;                                   : loaded 2 times (x 69B)
Class com.google.common.collect.ImmutableEntry                                        : loaded 2 times (x 82B)
Class com.google.common.base.Equivalence$Identity                                     : loaded 2 times (x 82B)
Class org.gradle.internal.exceptions.NonGradleCauseExceptionsHolder                   : loaded 2 times (x 70B)
Class com.google.common.collect.CollectPreconditions                                  : loaded 2 times (x 71B)
Class jdk.internal.jimage.ImageStrings                                                : loaded 2 times (x 70B)
Class com.google.common.collect.SortedMapDifference                                   : loaded 2 times (x 70B)
Class org.jetbrains.plugins.gradle.tooling.ModelBuilderService$Parameter              : loaded 2 times (x 70B)
Class com.google.common.cache.LocalCache$EntryFactory                                 : loaded 2 times (x 83B)
Class com.google.common.cache.LocalCache$AbstractReferenceEntry                       : loaded 2 times (x 107B)
Class com.google.common.collect.ImmutableMap$IteratorBasedImmutableMap                : loaded 2 times (x 126B)
Class kotlin.enums.EnumEntriesKt                                                      : loaded 2 times (x 71B)
Class org.objectweb.asm.SymbolTable                                                   : loaded 2 times (x 72B)
Class com.google.common.cache.CacheLoader$InvalidCacheLoadException                   : loaded 2 times (x 82B)
Class com.google.common.collect.ImmutableSet$RegularSetBuilderImpl                    : loaded 2 times (x 77B)
Class org.gradle.internal.classloader.SystemClassLoaderSpec                           : loaded 2 times (x 71B)
Class com.google.common.cache.LocalCache$StrongEntry                                  : loaded 2 times (x 108B)
Class com.google.common.util.concurrent.AbstractFuture$TrustedFuture                  : loaded 2 times (x 114B)
Class com.google.common.cache.LoadingCache                                            : loaded 2 times (x 70B)
Class org.gradle.internal.exceptions.MultiCauseException                              : loaded 2 times (x 70B)
Class org.gradle.internal.time.CountdownTimer                                         : loaded 2 times (x 70B)
Class kotlin.jvm.internal.Intrinsics                                                  : loaded 2 times (x 71B)
Class org.objectweb.asm.MethodWriter                                                  : loaded 2 times (x 106B)
Class [Lcom.google.common.cache.Weigher;                                              : loaded 2 times (x 69B)
Class com.google.common.collect.RegularImmutableMap$BucketOverflowException           : loaded 2 times (x 82B)
Class jdk.internal.jrtfs.JrtFileSystem                                                : loaded 2 times (x 102B)
Class org.gradle.tooling.model.ProjectModel                                           : loaded 2 times (x 70B)
Class jdk.internal.jimage.decompressor.CompressedResourceHeader                       : loaded 2 times (x 71B)
Class kotlin.KotlinNullPointerException                                               : loaded 2 times (x 83B)
Class com.google.common.collect.RegularImmutableBiMap                                 : loaded 2 times (x 149B)
Class com.google.common.cache.LocalCache$ValueReference                               : loaded 2 times (x 70B)
Class com.google.common.base.CharMatcher$Negated                                      : loaded 2 times (x 113B)
Class com.google.common.base.CharMatcher$Is                                           : loaded 2 times (x 111B)
Class org.gradle.internal.exceptions.DefaultMultiCauseException                       : loaded 2 times (x 95B)
Class com.google.common.util.concurrent.AbstractFuture$Failure                        : loaded 2 times (x 72B)
Class com.google.common.base.Equivalence$Equals                                       : loaded 2 times (x 82B)
Class com.google.common.collect.Hashing                                               : loaded 2 times (x 71B)
Class com.google.common.base.Preconditions                                            : loaded 2 times (x 71B)
Class com.google.common.base.Joiner$1                                                 : loaded 2 times (x 80B)
Class org.objectweb.asm.Label                                                         : loaded 2 times (x 73B)
Class org.objectweb.asm.CurrentFrame                                                  : loaded 2 times (x 73B)
Class org.objectweb.asm.ClassTooLargeException                                        : loaded 2 times (x 83B)
Class com.google.common.base.CharMatcher                                              : loaded 2 times (x 111B)
Class com.google.common.collect.PeekingIterator                                       : loaded 2 times (x 70B)
Class org.gradle.internal.time.Time                                                   : loaded 2 times (x 71B)
Class com.google.common.base.Joiner$2                                                 : loaded 2 times (x 79B)
Class org.objectweb.asm.Frame                                                         : loaded 2 times (x 73B)
Class org.objectweb.asm.MethodVisitor                                                 : loaded 2 times (x 105B)
Class com.google.common.cache.LocalCache$EntryFactory$1                               : loaded 2 times (x 83B)
Class [Lcom.google.common.cache.RemovalListener;                                      : loaded 2 times (x 69B)
Class com.google.common.base.CharMatcher$1                                            : loaded 2 times (x 113B)
Class com.google.common.base.CharMatcher$NamedFastMatcher                             : loaded 2 times (x 112B)
Class com.google.common.cache.LocalCache$EntryFactory$2                               : loaded 2 times (x 83B)
Class org.gradle.api.internal.classpath.GlobalCacheRootsProvider                      : loaded 2 times (x 70B)
Class org.objectweb.asm.ModuleWriter                                                  : loaded 2 times (x 82B)
Class com.google.common.cache.LocalCache$EntryFactory$3                               : loaded 2 times (x 83B)
Class com.google.common.base.Ticker$1                                                 : loaded 2 times (x 72B)
Class com.google.common.collect.Maps$BiMapConverter                                   : loaded 2 times (x 90B)
Class com.google.common.collect.ImmutableMapEntrySet$RegularEntrySet                  : loaded 2 times (x 152B)
Class org.gradle.tooling.model.BuildIdentifier                                        : loaded 2 times (x 70B)
Class com.google.common.cache.LocalCache$EntryFactory$4                               : loaded 2 times (x 83B)
Class com.google.common.base.CharMatcher$InRange                                      : loaded 2 times (x 111B)
Class com.google.common.collect.ImmutableSet$Builder                                  : loaded 2 times (x 85B)
Class com.google.common.cache.LocalCache$EntryFactory$5                               : loaded 2 times (x 83B)
Class com.google.common.base.PairwiseEquivalence                                      : loaded 2 times (x 83B)
Class com.google.common.cache.LocalCache$EntryFactory$6                               : loaded 2 times (x 83B)
Class org.gradle.internal.time.Timer                                                  : loaded 2 times (x 70B)
Class kotlin.jvm.internal.markers.KMappedMarker                                       : loaded 2 times (x 70B)
Class org.gradle.internal.installation.CurrentGradleInstallationLocator               : loaded 2 times (x 71B)
Class com.google.common.cache.LocalCache$EntryFactory$7                               : loaded 2 times (x 83B)
Class com.google.common.collect.ImmutableSet$EmptySetBuilderImpl                      : loaded 2 times (x 76B)
Class com.google.common.collect.ImmutableList                                         : loaded 2 times (x 206B)
Class org.gradle.internal.service.DefaultServiceLocator                               : loaded 2 times (x 83B)
Class com.google.common.cache.LocalCache$EntryFactory$8                               : loaded 2 times (x 83B)
Class com.google.common.collect.ImmutableSet$SetBuilderImpl                           : loaded 2 times (x 76B)
Class jdk.internal.jrtfs.JrtDirectoryStream                                           : loaded 2 times (x 89B)
Class org.gradle.util.GradleVersion                                                   : loaded 2 times (x 79B)
Class org.gradle.internal.installation.CurrentGradleInstallation                      : loaded 2 times (x 73B)
Class com.google.common.cache.CacheLoader$1                                           : loaded 2 times (x 75B)
Class com.google.common.collect.ImmutableList$SubList                                 : loaded 2 times (x 209B)
Class org.gradle.util.internal.GUtil                                                  : loaded 2 times (x 71B)
Class com.google.common.util.concurrent.AbstractFuture$SetFuture                      : loaded 2 times (x 75B)
Class com.google.common.cache.AbstractCache$StatsCounter                              : loaded 2 times (x 70B)
Class com.google.common.collect.Iterators$MergingIterator                             : loaded 2 times (x 81B)
Class com.google.common.collect.RegularImmutableSet                                   : loaded 2 times (x 149B)
Class org.gradle.internal.installation.GradleInstallation                             : loaded 2 times (x 75B)
Class com.google.common.collect.Iterables                                             : loaded 2 times (x 71B)
Class jdk.internal.jimage.decompressor.ResourceDecompressor$StringsProvider           : loaded 2 times (x 70B)

---------------  S Y S T E M  ---------------

OS:
 Windows 11 , 64 bit Build 26100 (10.0.26100.7623)
OS uptime: 12 days 15:25 hours
Hyper-V role detected

CPU: total 4 (initial active 4) (2 cores per cpu, 2 threads per core) family 6 model 140 stepping 2 microcode 0x26, cx8, cmov, fxsr, ht, mmx, 3dnowpref, sse, sse2, sse3, ssse3, sse4.1, sse4.2, popcnt, lzcnt, tsc, tscinvbit, avx, avx2, aes, erms, clmul, bmi1, bmi2, adx, avx512f, avx512dq, avx512cd, avx512bw, avx512vl, sha, fma, vzeroupper, avx512_vpopcntdq, avx512_vpclmulqdq, avx512_vaes, avx512_vnni, clflush, clflushopt, clwb, avx512_vbmi2, avx512_vbmi, hv, rdtscp, rdpid, fsrm, gfni, avx512_bitalg, f16c, cet_ibt, cet_ss, avx512_ifma
Processor Information for the first 4 processors :
  Max Mhz: 2995, Current Mhz: 2995, Mhz Limit: 2995

Memory: 4k page, system-wide physical 7975M (690M free)
TotalPageFile size 32551M (AvailPageFile size 18M)
current process WorkingSet (physical memory assigned to process): 599M, peak: 601M
current process commit charge ("private bytes"): 719M, peak: 722M

vm_info: OpenJDK 64-Bit Server VM (21.0.8+-14196175-b1038.72) for windows-amd64 JRE (21.0.8+-14196175-b1038.72), built on 2025-10-01T10:24:33Z by "builder" with MS VC++ 16.10 / 16.11 (VS2019)

END.
